AÃ±o,Trimestre,id_Provincia,<0.512 mbps,0.512 - 1 Mbps,1 - 6 Mbps,6 - 10 Mbps,10 - 20 Mbps,20 - 30 Mbps,>=30 Mbps,Otros,Total,Total2
2022,3,0,29985.0,27709.0,290315.0,297915.0,267044.0,12419.0,3618689.0,65821.0,4721668.0,4609897.0
2022,3,1,5170.0,5742.0,34371.0,67829.0,51946.0,28692.0,1253105.0,105477.0,1547679.0,1552332.0
2022,3,2,710.0,3840.0,3107.0,5389.0,5099.0,3737.0,50298.0,2208.0,70293.0,74388.0
2022,3,3,4610.0,9870.0,16782.0,18938.0,8049.0,15828.0,79390.0,3711.0,144146.0,157178.0
2022,3,4,1090.0,1444.0,45707.0,3094.0,34682.0,15309.0,17563.0,20024.0,165778.0,138913.0
2022,3,5,990.0,11312.0,153324.0,111615.0,70989.0,27112.0,650344.0,13873.0,1038668.0,1039559.0
2022,3,6,670.0,3865.0,23427.0,23948.0,7776.0,21706.0,56950.0,7107.0,144846.0,145449.0
2022,3,7,1070.0,5549.0,47210.0,46855.0,18263.0,32021.0,102195.0,16759.0,268959.0,269922.0
2022,3,8,970.0,3070.0,23538.0,19545.0,6194.0,5640.0,17704.0,5890.0,68538.0,82551.0
2022,3,9,580.0,1879.0,19135.0,15254.0,36083.0,5190.0,45895.0,0.0,118823.0,124016.0
2022,3,10,680.0,1887.0,61540.0,9653.0,11592.0,5609.0,22731.0,3012.0,116092.0,116704.0
2022,3,11,180.0,6890.0,2842.0,3375.0,24219.0,5331.0,50390.0,0.0,86864.0,93227.0
2022,3,12,1030.0,2953.0,44232.0,21977.0,48201.0,17243.0,150043.0,4771.0,289523.0,290450.0
2022,3,13,510.0,3749.0,36628.0,20758.0,12676.0,19615.0,80330.0,835.0,182157.0,175101.0
2022,3,14,1340.0,9910.0,38485.0,1408.0,92.0,67.0,78713.0,14858.0,163161.0,144873.0
2022,3,15,1110.0,1221.0,32936.0,1786.0,27934.0,13629.0,42596.0,24271.0,160558.0,145483.0
2022,3,16,1140.0,149.0,32923.0,71199.0,5662.0,1001.0,85661.0,6491.0,204541.0,204226.0
2022,3,17,240.0,2027.0,30324.0,11247.0,22157.0,678.0,19221.0,11619.0,103399.0,97513.0
2022,3,18,600.0,3070.0,6563.0,20813.0,12061.0,67438.0,13.0,14815.0,122070.0,125373.0
2022,3,19,520.0,6841.0,12342.0,11313.0,11378.0,2333.0,4604.0,6470.0,49510.0,55801.0
2022,3,20,4680.0,11132.0,132709.0,198588.0,70897.0,57455.0,396352.0,20209.0,887810.0,892022.0
2022,3,21,1780.0,1384.0,28357.0,58982.0,16087.0,9100.0,12342.0,7920.0,119032.0,135952.0
2022,3,22,220.0,8310.0,12002.0,14815.0,20102.0,1752.0,1021.0,3351.0,53896.0,61573.0
2022,3,23,390.0,2047.0,32571.0,39018.0,25214.0,4348.0,159600.0,2800.0,263117.0,265988.0
2022,2,0,30639.0,28323.0,295238.0,307554.0,273954.0,129869.0,3535757.0,65849.0,4667183.0,4667183.0
2022,2,1,5170.0,598.0,36036.0,72434.0,55372.0,31571.0,1229254.0,105607.0,1536771.0,1536042.0
2022,2,2,710.0,4130.0,3678.0,6155.0,7165.0,3393.0,43926.0,2207.0,67008.0,71364.0
2022,2,3,4610.0,1047.0,17603.0,20109.0,8391.0,15974.0,76271.0,3708.0,143564.0,147713.0
2022,2,4,1090.0,1444.0,45804.0,31217.0,3429.0,14526.0,15394.0,20021.0,162805.0,132925.0
2022,2,5,990.0,11971.0,160486.0,120485.0,71923.0,28645.0,619400.0,13426.0,1026435.0,1027326.0
2022,2,6,670.0,3937.0,24253.0,24842.0,8001.0,21719.0,55071.0,7107.0,144997.0,145600.0
2022,2,7,1070.0,5656.0,48637.0,48557.0,18512.0,32355.0,98769.0,16759.0,269352.0,270315.0
2022,2,8,970.0,4070.0,23834.0,19706.0,633.0,5910.0,16326.0,5900.0,67881.0,77349.0
2022,2,9,580.0,1829.0,19458.0,1579.0,37786.0,5490.0,37391.0,2453.0,115314.0,106566.0
2022,2,10,680.0,1887.0,62546.0,9842.0,118.0,5247.0,17125.0,3012.0,111527.0,100457.0
2022,2,11,180.0,7280.0,3179.0,389.0,23814.0,5481.0,48920.0,0.0,86030.0,89243.0
2022,2,12,1030.0,2954.0,44961.0,22557.0,64138.0,19543.0,121366.0,394.0,279562.0,276943.0
2022,2,13,510.0,3808.0,37254.0,21712.0,12774.0,19757.0,75107.0,835.0,178813.0,171757.0
2022,2,14,1340.0,9990.0,38826.0,15066.0,9205.0,2039.0,76982.0,18717.0,161968.0,172165.0
2022,2,15,1110.0,1227.0,33364.0,17938.0,27168.0,13714.0,41972.0,2427.0,159764.0,138920.0
2022,2,16,1140.0,153.0,33732.0,72661.0,6012.0,1156.0,81478.0,6494.0,203177.0,202826.0
2022,2,17,240.0,2027.0,30385.0,11276.0,24649.0,3728.0,16701.0,11617.0,100407.0,100623.0
2022,2,18,600.0,3060.0,6840.0,21217.0,11052.0,67438.0,13.0,14815.0,121741.0,125035.0
2022,2,19,520.0,6841.0,12348.0,11369.0,11885.0,2454.0,3592.0,6440.0,49185.0,55449.0
2022,2,20,4680.0,11757.0,138534.0,204381.0,74133.0,58114.0,373888.0,17584.0,878859.0,883071.0
2022,2,21,1780.0,1401.0,29581.0,59931.0,14606.0,8830.0,10672.0,7920.0,118044.0,134721.0
2022,2,22,220.0,8310.0,12052.0,14828.0,19968.0,1712.0,1006.0,3351.0,53770.0,61447.0
2022,2,23,390.0,2195.0,34461.0,43513.0,23634.0,4863.0,145541.0,2810.0,254527.0,257407.0
2022,1,0,31591.0,30056.0,313382.0,321756.0,290127.0,161183.0,3381049.0,2628.0,4555424.0,4531772.0
2022,1,1,5270.0,5575.0,39918.0,7739.0,61053.0,43289.0,1188072.0,1717.0,1417541.0,1352633.0
2022,1,2,710.0,4560.0,4386.0,7009.0,8773.0,3761.0,35715.0,2207.0,62378.0,67121.0
2022,1,3,4610.0,1099.0,16888.0,21235.0,20898.0,13012.0,62946.0,758.0,144119.0,141446.0
2022,1,4,1130.0,1677.0,61369.0,31856.0,3308.0,13871.0,14055.0,15607.0,171628.0,142873.0
2022,1,5,1000.0,12782.0,165922.0,126009.0,73967.0,34892.0,577027.0,13104.0,1003803.0,1004703.0
2022,1,6,670.0,4029.0,24563.0,25665.0,27077.0,10452.0,43631.0,7094.0,142578.0,143181.0
2022,1,7,1070.0,5745.0,50075.0,4962.0,42294.0,21578.0,81757.0,1675.0,267926.0,209156.0
2022,1,8,970.0,4480.0,24113.0,6945.0,6613.0,7160.0,15028.0,5880.0,54548.0,71189.0
2022,1,9,580.0,1761.0,22141.0,16321.0,37923.0,5760.0,35287.0,2442.0,116509.0,122215.0
2022,1,10,3010.0,2223.0,62812.0,9869.0,12044.0,525.0,14400.0,2833.0,109732.0,107716.0
2022,1,11,180.0,7780.0,3576.0,4692.0,23624.0,5645.0,45970.0,0.0,84303.0,91467.0
2022,1,12,1140.0,3355.0,51230.0,26407.0,74178.0,21566.0,95048.0,3287.0,275185.0,276211.0
2022,1,13,510.0,3873.0,35655.0,22261.0,26855.0,15854.0,58610.0,8349.0,171508.0,171967.0
2022,1,14,1370.0,1123.0,39856.0,15623.0,11163.0,2654.0,71238.0,7885.0,149679.0,150912.0
2022,1,15,1160.0,1383.0,35565.0,18859.0,26926.0,14144.0,37729.0,22652.0,157374.0,158418.0
2022,1,16,1140.0,1725.0,35576.0,68246.0,6313.0,2214.0,76838.0,6489.0,197515.0,198541.0
2022,1,17,260.0,2269.0,32356.0,11914.0,25144.0,2088.0,11916.0,2465.0,88178.0,88412.0
2022,1,18,610.0,6430.0,8287.0,3837.0,9802.0,68612.0,13.0,28589.0,119844.0,126180.0
2022,1,19,510.0,6898.0,12710.0,11502.0,12277.0,2628.0,2551.0,4850.0,49102.0,53926.0
2022,1,20,4680.0,12435.0,143796.0,208361.0,84787.0,58018.0,344170.0,18444.0,870479.0,874691.0
2022,1,21,1780.0,1401.0,30220.0,6117.0,13542.0,8490.0,8309.0,7920.0,116461.0,77779.0
2022,1,22,240.0,8940.0,12849.0,1564.0,18034.0,1767.0,982.0,2421.0,52611.0,46797.0
2022,1,23,390.0,2212.0,36028.0,46961.0,21014.0,5211.0,133846.0,2730.0,245584.0,248392.0
2021,4,0,37821.0,11026.0,352950.0,331292.0,297296.0,196021.0,3259793.0,22958.0,4509157.0,4509157.0
2021,4,1,5630.0,1695.0,47133.0,81899.0,66135.0,66755.0,1147939.0,0.0,1412119.0,1417186.0
2021,4,2,710.0,0.0,6038.0,7855.0,9804.0,3262.0,29827.0,2233.0,59090.0,59729.0
2021,4,3,4610.0,1120.0,18845.0,22678.0,21937.0,13692.0,58435.0,7585.0,143745.0,148902.0
2021,4,4,1260.0,1294.0,63698.0,39568.0,31175.0,578.0,2904.0,15763.0,160308.0,156240.0
2021,4,5,1000.0,2479.0,184548.0,130892.0,76246.0,41198.0,538700.0,12607.0,986770.0,987670.0
2021,4,6,670.0,6450.0,28830.0,26368.0,22922.0,10087.0,39911.0,7082.0,135912.0,142320.0
2021,4,7,1070.0,3024.0,56043.0,49636.0,38295.0,24068.0,77290.0,16583.0,265046.0,266009.0
2021,4,8,840.0,0.0,22908.0,6983.0,6811.0,1135.0,13775.0,1967.0,53663.0,54419.0
2021,4,9,580.0,1750.0,22446.0,16793.0,38134.0,5640.0,33421.0,2324.0,113915.0,121088.0
2021,4,10,3010.0,4930.0,64840.0,9082.0,12259.0,4821.0,12184.0,3027.0,107007.0,114153.0
2021,4,11,180.0,10.0,5018.0,5437.0,23559.0,5671.0,43424.0,0.0,83128.0,83299.0
2021,4,12,1560.0,1463.0,66428.0,30308.0,75214.0,18621.0,75031.0,3660.0,267587.0,272285.0
2021,4,13,510.0,50.0,41916.0,23554.0,26721.0,15954.0,54596.0,8335.0,171132.0,171636.0
2021,4,14,1400.0,9400.0,42313.0,13264.0,10515.0,331.0,69217.0,7767.0,147466.0,154207.0
2021,4,15,1560.0,1174.0,38373.0,19878.0,31255.0,413.0,36142.0,22645.0,153753.0,151440.0
2021,4,16,1140.0,200.0,40673.0,69324.0,6642.0,3535.0,72622.0,6475.0,199405.0,200611.0
2021,4,17,440.0,1442.0,28906.0,10955.0,23978.0,3980.0,9800.0,4435.0,79958.0,83936.0
2021,4,18,620.0,2640.0,8550.0,4276.0,9107.0,67363.0,9.0,29218.0,118849.0,121783.0
2021,4,19,520.0,2970.0,20305.0,11641.0,13054.0,177.0,876.0,4910.0,48486.0,54453.0
2021,4,20,4670.0,5810.0,169706.0,206856.0,8569.0,62349.0,322015.0,18777.0,866441.0,798752.0
2021,4,21,1780.0,9090.0,31915.0,61524.0,12205.0,8000.0,7537.0,7930.0,115861.0,139981.0
2021,4,22,260.0,3850.0,13505.0,16534.0,16562.0,1748.0,1017.0,258.0,52357.0,53734.0
2021,4,23,390.0,970.0,37321.0,48736.0,21023.0,5326.0,125857.0,2400.0,238639.0,242023.0
2021,3,0,37193.0,31149.0,1108940.0,248153.0,141383.0,192797.0,2482266.0,9728.0,4251609.0,4251609.0
2021,3,1,2950.0,6030.0,156978.0,67013.0,39785.0,73502.0,1075229.0,0.0,1413405.0,1421487.0
2021,3,2,710.0,0.0,6755.0,8428.0,10517.0,1659.0,26618.0,2206.0,56254.0,56893.0
2021,3,3,3010.0,1120.0,22545.0,20986.0,23852.0,14412.0,49705.0,7958.0,139871.0,143588.0
2021,3,4,1040.0,1050.0,89168.0,26281.0,18538.0,532.0,1643.0,14907.0,156066.0,153159.0
2021,3,5,990.0,2452.0,204989.0,141285.0,6505.0,47198.0,476459.0,9256.0,946788.0,889134.0
2021,3,6,670.0,6450.0,29629.0,28478.0,24792.0,9687.0,35468.0,5053.0,133819.0,140227.0
2021,3,7,1070.0,3024.0,61354.0,59776.0,39114.0,16284.0,67961.0,12755.0,260375.0,261338.0
2021,3,8,3810.0,0.0,22778.0,7142.0,6978.0,1192.0,12707.0,1617.0,52795.0,56224.0
2021,3,9,480.0,1750.0,23884.0,16417.0,37755.0,5610.0,29917.0,2401.0,111158.0,118214.0
2021,3,10,2980.0,3130.0,65063.0,7395.0,8737.0,4023.0,10506.0,4152.0,100487.0,105986.0
2021,3,11,180.0,10.0,5366.0,5979.0,23315.0,4868.0,42613.0,0.0,82160.0,82331.0
2021,3,12,360.0,310.0,151871.0,1264.0,62628.0,7596.0,21087.0,500.0,255939.0,245616.0
2021,3,13,510.0,50.0,41932.0,25099.0,26079.0,14792.0,42291.0,8279.0,158528.0,159032.0
2021,3,14,1120.0,3270.0,57441.0,8566.0,6234.0,3631.0,57919.0,5579.0,139809.0,143760.0
2021,3,15,1250.0,5570.0,68991.0,373.0,1488.0,2282.0,34011.0,20009.0,144585.0,133974.0
2021,3,16,1010.0,200.0,41431.0,70104.0,6962.0,3878.0,67010.0,6327.0,195833.0,196922.0
2021,3,17,180.0,3330.0,59873.0,7520.0,1325.0,3380.0,278.0,4641.0,79483.0,80527.0
2021,3,18,600.0,0.0,11552.0,2405.0,6491.0,67942.0,22.0,29392.0,117864.0,118404.0
2021,3,19,500.0,0.0,30561.0,8365.0,6799.0,1788.0,678.0,7350.0,48976.0,56041.0
2021,3,20,4670.0,5790.0,193207.0,20125.0,83941.0,5508.0,290793.0,16267.0,841584.0,620301.0
2021,3,21,1230.0,9090.0,32752.0,61838.0,11274.0,8010.0,6863.0,8980.0,115458.0,140037.0
2021,3,22,170.0,0.0,23723.0,13397.0,9782.0,1433.0,976.0,8950.0,50223.0,58431.0
2021,3,23,320.0,970.0,39446.0,50293.0,21986.0,53.0,115154.0,1640.0,232472.0,229862.0
2021,2,0,37192.0,31178.0,1096049.0,244001.0,140322.0,236897.0,2337604.0,9108.0,4132351.0,4132351.0
2021,2,1,2940.0,6030.0,157558.0,73568.0,43859.0,86655.0,1037752.0,660.0,1400355.0,1409022.0
2021,2,2,710.0,0.0,7219.0,9091.0,6828.0,4941.0,25388.0,2206.0,55744.0,56383.0
2021,2,3,3010.0,1120.0,23444.0,21574.0,24032.0,16069.0,47239.0,7958.0,140729.0,144446.0
2021,2,4,1040.0,1050.0,89639.0,22605.0,16604.0,3896.0,1112.0,5172.0,139237.0,141118.0
2021,2,5,990.0,2452.0,201757.0,136516.0,6695.0,70824.0,442357.0,9925.0,930880.0,871516.0
2021,2,6,670.0,6450.0,29419.0,27037.0,24524.0,10059.0,32697.0,5053.0,129501.0,135909.0
2021,2,7,1070.0,3024.0,63518.0,55349.0,39468.0,18484.0,61605.0,16077.0,257632.0,258595.0
2021,2,8,3810.0,0.0,22364.0,731.0,746.0,1341.0,11077.0,1618.0,51551.0,41687.0
2021,2,9,480.0,1750.0,24182.0,16577.0,37908.0,6070.0,29950.0,2401.0,111848.0,119318.0
2021,2,10,2980.0,5540.0,64146.0,7769.0,8128.0,3399.0,9311.0,4062.0,97667.0,105335.0
2021,2,11,180.0,10.0,5312.0,5971.0,23298.0,4825.0,42158.0,190.0,81602.0,81944.0
2021,2,12,360.0,310.0,137462.0,10886.0,56117.0,4403.0,20686.0,500.0,229671.0,230724.0
2021,2,13,510.0,50.0,41643.0,25907.0,25811.0,16172.0,38308.0,8279.0,156176.0,156680.0
2021,2,14,1120.0,3270.0,57713.0,8631.0,5871.0,5943.0,54008.0,5645.0,138250.0,142201.0
2021,2,15,1250.0,5570.0,69356.0,3663.0,15019.0,3867.0,31488.0,20009.0,144084.0,150222.0
2021,2,16,1010.0,200.0,42543.0,67012.0,7099.0,9654.0,58882.0,6328.0,191639.0,192728.0
2021,2,17,180.0,3330.0,59989.0,7840.0,1255.0,3400.0,278.0,4641.0,78933.0,80913.0
2021,2,18,600.0,0.0,11752.0,2703.0,5418.0,65946.0,22.0,36917.0,122818.0,123358.0
2021,2,19,500.0,0.0,30595.0,8463.0,6888.0,1575.0,676.0,7350.0,48982.0,56047.0
2021,2,20,4670.0,8960.0,202018.0,204077.0,80452.0,75195.0,262124.0,15371.0,840600.0,852867.0
2021,2,21,1230.0,9090.0,32034.0,62224.0,10359.0,8110.0,6064.0,1566.0,114090.0,130677.0
2021,2,22,170.0,0.0,21335.0,6913.0,458.0,4760.0,889.0,1483.0,35693.0,36008.0
2021,2,23,320.0,970.0,40224.0,51648.0,23732.0,5022.0,109616.0,268.0,233051.0,231800.0
2021,1,0,36939.0,31187.0,1108368.0,24052.0,163747.0,222061.0,2246313.0,10867.0,4060002.0,3843534.0
2021,1,1,1350.0,2440.0,159662.0,76753.0,56457.0,83255.0,1003041.0,1260.0,1379673.0,1384218.0
2021,1,2,710.0,0.0,7423.0,8455.0,10115.0,7120.0,22996.0,2196.0,51968.0,59015.0
2021,1,3,3010.0,1120.0,24357.0,22102.0,27556.0,14496.0,42462.0,8384.0,139770.0,143487.0
2021,1,4,1060.0,1090.0,86986.0,21401.0,15392.0,2844.0,1112.0,439.0,132340.0,130324.0
2021,1,5,930.0,2386.0,211799.0,135092.0,74659.0,71984.0,402191.0,12677.0,910881.0,911718.0
2021,1,6,670.0,5270.0,31544.0,26223.0,26169.0,9001.0,27641.0,5453.0,126625.0,131971.0
2021,1,7,1050.0,2911.0,67255.0,5606.0,42432.0,15774.0,54600.0,12826.0,251963.0,202454.0
2021,1,8,560.0,0.0,22409.0,7569.0,7916.0,1215.0,9579.0,1942.0,50686.0,51190.0
2021,1,9,490.0,1750.0,23735.0,17293.0,40649.0,5680.0,25609.0,2378.0,110456.0,117584.0
2021,1,10,2980.0,5540.0,68200.0,7864.0,7611.0,2786.0,7368.0,2424.0,97105.0,104773.0
2021,1,11,180.0,10.0,36749.0,5968.0,4604.0,2150.0,5074.0,-10.0,52628.0,54725.0
2021,1,12,280.0,400.0,134386.0,11216.0,52533.0,4061.0,16615.0,440.0,218923.0,219931.0
2021,1,13,510.0,5240.0,40949.0,25503.0,27101.0,1405.0,32953.0,8256.0,149387.0,141917.0
2021,1,14,1160.0,3270.0,56171.0,8443.0,5903.0,5677.0,50840.0,5758.0,133235.0,137222.0
2021,1,15,1250.0,4660.0,70011.0,4187.0,13045.0,3642.0,29589.0,20103.0,141168.0,146487.0
2021,1,16,1090.0,200.0,40785.0,68149.0,9164.0,8139.0,54889.0,6319.0,187574.0,188735.0
2021,1,17,250.0,1940.0,60439.0,8580.0,11494.0,3400.0,276.0,4641.0,78267.0,91020.0
2021,1,18,580.0,0.0,11889.0,2926.0,4429.0,62913.0,22.0,36917.0,119154.0,119676.0
2021,1,19,500.0,0.0,30655.0,8334.0,6987.0,1337.0,647.0,-1945.0,46065.0,46515.0
2021,1,20,5180.0,8910.0,201632.0,204458.0,91846.0,65476.0,236924.0,24382.0,826127.0,838808.0
2021,1,21,1230.0,9090.0,33884.0,58464.0,8549.0,7000.0,4868.0,4144.0,111641.0,127229.0
2021,1,22,170.0,0.0,21379.0,1468.0,4317.0,4860.0,919.0,11836.0,40422.0,44949.0
2021,1,23,290.0,970.0,42810.0,53416.0,25255.0,4188.0,103437.0,268.0,231912.0,230634.0
2020,4,0,36939.0,31197.0,1109865.0,242243.0,214171.0,213588.0,2176242.0,9016.0,4033261.0,4033261.0
2020,4,1,1350.0,2440.0,160210.0,78123.0,60208.0,80269.0,1000073.0,2680.0,1379530.0,1385353.0
2020,4,2,710.0,0.0,8843.0,874.0,11436.0,5910.0,20406.0,2309.0,52396.0,50488.0
2020,4,3,3010.0,1120.0,24782.0,22479.0,26802.0,15701.0,40949.0,7965.0,139091.0,142808.0
2020,4,4,1060.0,1090.0,88157.0,21824.0,12046.0,2818.0,1112.0,4402.0,130574.0,132509.0
2020,4,5,1190.0,2386.0,214963.0,135262.0,82221.0,70013.0,384169.0,13568.0,902701.0,903772.0
2020,4,6,670.0,5270.0,31900.0,26321.0,25687.0,9383.0,26789.0,4985.0,125659.0,131005.0
2020,4,7,1050.0,2911.0,65659.0,53556.0,40755.0,166.0,53141.0,14654.0,247381.0,231892.0
2020,4,8,560.0,0.0,23540.0,7606.0,7181.0,1197.0,8946.0,168.0,50206.0,49198.0
2020,4,9,490.0,1820.0,23772.0,14379.0,4493.0,4460.0,19282.0,2811.0,105851.0,71507.0
2020,4,10,2980.0,5540.0,70184.0,8124.0,6562.0,2396.0,6257.0,252.0,96895.0,102295.0
2020,4,11,180.0,10.0,36906.0,606.0,4633.0,1810.0,4979.0,0.0,52778.0,49124.0
2020,4,12,280.0,400.0,146312.0,11172.0,40396.0,3378.0,11557.0,257.0,215453.0,213752.0
2020,4,13,510.0,5240.0,39988.0,26078.0,26445.0,1481.0,32264.0,7001.0,147161.0,139007.0
2020,4,14,1160.0,3270.0,56434.0,8478.0,5791.0,5493.0,50776.0,572.0,133135.0,131974.0
2020,4,15,1250.0,4660.0,70305.0,4153.0,13131.0,3512.0,29372.0,20146.0,141210.0,146529.0
2020,4,16,1090.0,5140.0,41443.0,68829.0,15188.0,8291.0,46697.0,6319.0,187390.0,192997.0
2020,4,17,250.0,1940.0,61316.0,7400.0,5126.0,3320.0,275.0,4588.0,72596.0,84215.0
2020,4,18,580.0,0.0,14020.0,349.0,2688.0,62239.0,22.0,36918.0,119435.0,116816.0
2020,4,19,470.0,0.0,27173.0,4382.0,6634.0,1033.0,647.0,7580.0,40674.0,47919.0
2020,4,20,5180.0,8910.0,206372.0,203793.0,94246.0,65145.0,226246.0,23602.0,820813.0,833494.0
2020,4,21,1230.0,9090.0,34518.0,5759.0,4666.0,4110.0,4520.0,3932.0,106669.0,67825.0
2020,4,22,170.0,0.0,21881.0,6119.0,3497.0,4880.0,922.0,669.0,39614.0,38138.0
2020,4,23,290.0,970.0,44095.0,54334.0,32155.0,4105.0,93594.0,268.0,231089.0,229811.0
2020,3,0,37542.0,31514.0,1113823.0,23471.0,219772.0,194248.0,2085815.0,19853.0,3937277.0,3726038.0
2020,3,1,2640.0,3120.0,162222.0,85083.0,68753.0,78028.0,977766.0,2470.0,1372675.0,1380082.0
2020,3,2,630.0,0.0,8276.0,8768.0,11195.0,5620.0,18886.0,2154.0,49904.0,55529.0
2020,3,3,3080.0,1120.0,24675.0,21639.0,27546.0,13751.0,38729.0,7194.0,133954.0,137734.0
2020,3,4,1580.0,1090.0,87559.0,22114.0,12217.0,2818.0,1110.0,3942.0,130027.0,132430.0
2020,3,5,1680.0,3064.0,218599.0,124833.0,84236.0,63823.0,361021.0,11728.0,867472.0,868984.0
2020,3,6,720.0,5270.0,35190.0,23315.0,25308.0,8615.0,25344.0,502.0,123391.0,124264.0
2020,3,7,1300.0,2911.0,66648.0,51478.0,40797.0,14377.0,49395.0,15759.0,241495.0,242665.0
2020,3,8,3910.0,1510.0,23163.0,7432.0,7125.0,9910.0,8219.0,1737.0,49209.0,63006.0
2020,3,9,550.0,1820.0,32131.0,10566.0,45198.0,2930.0,15238.0,3065.0,106728.0,111498.0
2020,3,10,2930.0,8100.0,66695.0,782.0,5577.0,2189.0,6322.0,4029.0,93735.0,96624.0
2020,3,11,210.0,10.0,37105.0,5955.0,466.0,1240.0,4748.0,20.0,52616.0,49754.0
2020,3,12,580.0,400.0,141404.0,12123.0,42433.0,3448.0,8237.0,450.0,207788.0,209075.0
2020,3,13,710.0,5240.0,39005.0,24215.0,25942.0,13663.0,30987.0,8779.0,143186.0,148541.0
2020,3,14,2180.0,3270.0,60463.0,6561.0,5975.0,5449.0,49439.0,8030.0,129235.0,141367.0
2020,3,15,1140.0,4660.0,68986.0,3769.0,7096.0,3455.0,28488.0,19093.0,131467.0,136687.0
2020,3,16,1290.0,5140.0,32780.0,64736.0,1599.0,7928.0,43773.0,14996.0,180846.0,172242.0
2020,3,17,480.0,1940.0,65526.0,7110.0,6529.0,410.0,128.0,415.0,77327.0,82538.0
2020,3,18,1050.0,0.0,12199.0,3351.0,2666.0,61319.0,8.0,36917.0,116565.0,117510.0
2020,3,19,660.0,0.0,26888.0,4015.0,673.0,6290.0,120.0,8330.0,39281.0,46976.0
2020,3,20,5680.0,1241.0,213353.0,199381.0,92095.0,58797.0,210562.0,27001.0,802998.0,808110.0
2020,3,21,1330.0,9090.0,33287.0,57418.0,4658.0,2920.0,3994.0,4801.0,105492.0,117498.0
2020,3,22,110.0,0.0,22094.0,5414.0,3726.0,4810.0,937.0,6992.0,39655.0,44083.0
2020,3,23,520.0,970.0,45913.0,5461.0,33126.0,3246.0,84195.0,2637.0,223876.0,176068.0
2020,2,0,37542.0,31606.0,1129236.0,241336.0,233132.0,188995.0,1894466.0,21233.0,3777546.0,3777546.0
2020,2,1,2640.0,3120.0,166474.0,94585.0,79858.0,8016.0,935481.0,6870.0,1357821.0,1297044.0
2020,2,2,630.0,0.0,8801.0,869.0,10242.0,4260.0,16578.0,3176.0,47976.0,44556.0
2020,2,3,3080.0,9280.0,24350.0,2114.0,29044.0,12082.0,33311.0,6969.0,128132.0,120230.0
2020,2,4,1580.0,1090.0,69578.0,22188.0,10537.0,1473.0,614.0,3999.0,108656.0,111059.0
2020,2,5,1680.0,4383.0,219025.0,125932.0,8953.0,63216.0,325243.0,8971.0,836468.0,757403.0
2020,2,6,720.0,5270.0,34242.0,22845.0,25844.0,7898.0,22418.0,502.0,118866.0,119739.0
2020,2,7,1300.0,3679.0,66758.0,5064.0,4209.0,12856.0,43391.0,14569.0,234113.0,151826.0
2020,2,8,3910.0,1510.0,23534.0,7109.0,6998.0,9610.0,7475.0,1313.0,47932.0,61459.0
2020,2,9,550.0,1820.0,30548.0,10519.0,26829.0,2090.0,9417.0,16557.0,94316.0,98330.0
2020,2,10,2930.0,8100.0,71218.0,7531.0,38.0,1657.0,3377.0,1123.0,89809.0,95974.0
2020,2,11,210.0,10.0,37375.0,5661.0,4686.0,730.0,4336.0,20.0,52155.0,53028.0
2020,2,12,580.0,400.0,142253.0,12439.0,35274.0,3248.0,5422.0,245.0,201184.0,199861.0
2020,2,13,710.0,5240.0,39867.0,23719.0,26445.0,12305.0,28763.0,8646.0,140340.0,145695.0
2020,2,14,2180.0,3270.0,61171.0,6103.0,6625.0,5296.0,46432.0,0.0,126172.0,131077.0
2020,2,15,1140.0,4660.0,70817.0,3335.0,7498.0,3246.0,26953.0,17057.0,129486.0,134706.0
2020,2,16,1290.0,5140.0,41801.0,64463.0,16989.0,7741.0,39594.0,6531.0,177762.0,183549.0
2020,2,17,480.0,1940.0,59113.0,9170.0,4908.0,400.0,127.0,443.0,69777.0,76581.0
2020,2,18,1050.0,0.0,11439.0,3585.0,1934.0,60889.0,8.0,35992.0,113952.0,114897.0
2020,2,19,660.0,0.0,26938.0,4166.0,6541.0,5460.0,119.0,4930.0,38869.0,48814.0
2020,2,20,5680.0,2061.0,213054.0,198772.0,96575.0,57236.0,189473.0,20193.0,777932.0,783044.0
2020,2,21,1330.0,1779.0,32557.0,57709.0,5178.0,2470.0,3328.0,4516.0,105447.0,108867.0
2020,2,22,110.0,0.0,22325.0,5186.0,3034.0,3910.0,796.0,7446.0,39189.0,42807.0
2020,2,23,520.0,970.0,49028.0,54537.0,34184.0,2246.0,74377.0,2635.0,217156.0,218497.0
2020,1,0,38215.0,36802.0,1122034.0,236421.0,247977.0,20578.0,1802583.0,28935.0,3718747.0,3533545.0
2020,1,1,2640.0,3120.0,169651.0,102254.0,89665.0,85899.0,906009.0,0.0,1354054.0,1359238.0
2020,1,2,630.0,0.0,8838.0,7543.0,9558.0,4080.0,10299.0,2151.0,38860.0,43099.0
2020,1,3,3080.0,9280.0,23291.0,19976.0,29851.0,10416.0,28539.0,6917.0,120226.0,131350.0
2020,1,4,1580.0,1090.0,69586.0,12957.0,7756.0,124.0,614.0,45.0,96920.0,93752.0
2020,1,5,1420.0,5128.0,217229.0,120188.0,95827.0,65733.0,296875.0,9802.0,810924.0,812202.0
2020,1,6,720.0,5270.0,33479.0,21382.0,26679.0,7351.0,19467.0,478.0,113737.0,114826.0
2020,1,7,1300.0,4081.0,72280.0,47132.0,41125.0,11988.0,39794.0,13762.0,230292.0,231462.0
2020,1,8,1127.0,3420.0,23761.0,65.0,6564.0,9640.0,6918.0,1000.0,46276.0,52495.0
2020,1,9,550.0,1820.0,33120.0,9979.0,26693.0,1660.0,7349.0,16545.0,94089.0,97716.0
2020,1,10,2930.0,8110.0,72740.0,7199.0,3029.0,1342.0,2113.0,1618.0,89145.0,99081.0
2020,1,11,210.0,10.0,37209.0,5158.0,464.0,220.0,1294.0,0.0,48345.0,44565.0
2020,1,12,580.0,400.0,140410.0,12285.0,17489.0,286.0,3818.0,0.0,176960.0,175268.0
2020,1,13,710.0,5240.0,36622.0,21271.0,26433.0,11581.0,26313.0,10885.0,133700.0,139055.0
2020,1,14,2180.0,3270.0,60152.0,5257.0,7123.0,5399.0,43738.0,0.0,122214.0,127119.0
2020,1,15,1140.0,4660.0,69154.0,293.0,7857.0,3199.0,25488.0,17719.0,126927.0,129510.0
2020,1,16,1290.0,5140.0,38537.0,63714.0,17991.0,8625.0,34744.0,6441.0,170695.0,176482.0
2020,1,17,480.0,1940.0,59787.0,1594.0,1292.0,400.0,127.0,4779.0,67861.0,70399.0
2020,1,18,1050.0,0.0,11322.0,4164.0,5250.0,58258.0,5.0,36075.0,110454.0,116124.0
2020,1,19,670.0,110.0,27447.0,4993.0,5169.0,5290.0,119.0,0.0,38335.0,43798.0
2020,1,20,6960.0,2994.0,217553.0,196826.0,10456.0,48448.0,173823.0,17656.0,762556.0,674716.0
2020,1,21,1330.0,1779.0,33086.0,56884.0,3737.0,1350.0,2799.0,4501.0,103054.0,105466.0
2020,1,22,110.0,10.0,22976.0,5024.0,1834.0,1960.0,518.0,7046.0,37606.0,39478.0
2020,1,23,520.0,970.0,49555.0,50383.0,31096.0,173.0,67536.0,0.0,200449.0,200233.0
2019,4,0,33489.0,27537.0,1177446.0,262297.0,247106.0,45257.0,1465133.0,20676.0,3686254.0,3278941.0
2019,4,1,3070.0,150.0,177098.0,110218.0,110852.0,20581.0,753805.0,0.0,1358105.0,1175774.0
2019,4,2,630.0,0.0,9945.0,7619.0,9305.0,8040.0,7477.0,3098.0,38311.0,46114.0
2019,4,3,830.0,0.0,25899.0,18959.0,30902.0,13516.0,21556.0,6988.0,117903.0,118650.0
2019,4,4,1580.0,40.0,69405.0,12945.0,7615.0,124.0,614.0,4121.0,96102.0,96444.0
2019,4,5,1420.0,0.0,232781.0,118232.0,10933.0,114111.0,221742.0,1035.0,806688.0,700254.0
2019,4,6,720.0,0.0,35055.0,2062.0,27367.0,9981.0,15744.0,4995.0,113834.0,95924.0
2019,4,7,470.0,0.0,88203.0,44511.0,42962.0,18976.0,30153.0,14178.0,239030.0,239453.0
2019,4,8,1127.0,1910.0,24606.0,6319.0,6788.0,1766.0,5671.0,2430.0,46711.0,50617.0
2019,4,9,550.0,0.0,32920.0,9632.0,26764.0,1020.0,5286.0,14122.0,88881.0,90294.0
2019,4,10,2930.0,3130.0,76747.0,69.0,1951.0,1287.0,1342.0,1566.0,90399.0,89022.0
2019,4,11,210.0,0.0,37846.0,5045.0,4763.0,220.0,1305.0,0.0,49002.0,49389.0
2019,4,12,7460.0,90.0,145139.0,12955.0,15237.0,2165.0,2628.0,6901.0,185780.0,192575.0
2019,4,13,710.0,0.0,39664.0,2084.0,27305.0,15626.0,20799.0,11508.0,135813.0,117696.0
2019,4,14,2180.0,10.0,57370.0,4439.0,7357.0,12059.0,35001.0,0.0,116445.0,118416.0
2019,4,15,1140.0,0.0,71847.0,2797.0,8558.0,6968.0,19837.0,17019.0,127140.0,128166.0
2019,4,16,1490.0,10.0,42159.0,67656.0,15369.0,1417.0,25821.0,712.0,172445.0,154634.0
2019,4,17,480.0,10.0,60626.0,1594.0,1292.0,400.0,127.0,1246.0,64974.0,65775.0
2019,4,18,1050.0,0.0,11901.0,4164.0,5250.0,55216.0,3.0,36287.0,108201.0,113871.0
2019,4,19,670.0,0.0,32368.0,4346.0,2224.0,70.0,8.0,3500.0,39370.0,43186.0
2019,4,20,6980.0,0.0,230234.0,190664.0,113527.0,70998.0,135576.0,27472.0,769169.0,775451.0
2019,4,21,1330.0,9080.0,34911.0,56309.0,3756.0,1050.0,2449.0,5017.0,103588.0,113902.0
2019,4,22,110.0,0.0,23593.0,505.0,1848.0,1390.0,1962.0,7789.0,40392.0,37197.0
2019,4,23,550.0,0.0,54544.0,52017.0,28916.0,6405.0,56707.0,0.0,198644.0,199139.0
2019,3,0,23892.0,44648.0,1432722.0,222812.0,260506.0,483572.0,1246209.0,42294.0,3971683.0,3756655.0
2019,3,1,1040.0,3680.0,269704.0,120924.0,138011.0,258591.0,655108.0,0.0,1442810.0,1447058.0
2019,3,2,340.0,430.0,14449.0,9285.0,6333.0,720.0,15.0,2151.0,32382.0,33723.0
2019,3,3,690.0,1216.0,32764.0,28198.0,13336.0,12987.0,16740.0,6917.0,112227.0,112848.0
2019,3,4,740.0,8400.0,62680.0,13033.0,7171.0,124.0,614.0,45.0,90152.0,92807.0
2019,3,5,830.0,5824.0,240151.0,106651.0,118486.0,146247.0,157546.0,7353.0,782341.0,783088.0
2019,3,6,100.0,5970.0,42231.0,29628.0,10348.0,10388.0,12674.0,478.0,110656.0,111817.0
2019,3,7,190.0,4446.0,99656.0,56161.0,17064.0,21216.0,22645.0,15107.0,236314.0,236485.0
2019,3,8,111.0,3490.0,24943.0,6049.0,7117.0,2262.0,4443.0,1000.0,46373.0,49415.0
2019,3,9,270.0,8850.0,31722.0,924.0,26835.0,560.0,3671.0,16545.0,88981.0,89377.0
2019,3,10,2370.0,3289.0,75849.0,5922.0,1611.0,1359.0,941.0,1618.0,90826.0,92959.0
2019,3,11,90.0,100.0,38657.0,4786.0,4887.0,220.0,1307.0,0.0,49678.0,50047.0
2019,3,12,210.0,1269.0,206821.0,2958.0,10093.0,1263.0,349.0,0.0,222774.0,222963.0
2019,3,13,470.0,1928.0,43530.0,29375.0,11256.0,16107.0,16650.0,12206.0,131099.0,131522.0
2019,3,14,450.0,2258.0,62909.0,4586.0,9597.0,16923.0,28458.0,1220.0,124898.0,126401.0
2019,3,15,470.0,1234.0,87435.0,2348.0,9779.0,10176.0,15505.0,17719.0,144243.0,144666.0
2019,3,16,490.0,9000.0,43160.0,6223.0,14309.0,11418.0,12357.0,7515.0,151938.0,104472.0
2019,3,17,220.0,1710.0,68315.0,2245.0,1267.0,410.0,128.0,4779.0,76968.0,79074.0
2019,3,18,570.0,1000.0,18643.0,5113.0,4670.0,62242.0,5.0,36075.0,122702.0,128318.0
2019,3,19,280.0,840.0,31612.0,4472.0,1203.0,270.0,4.0,0.0,37430.0,38681.0
2019,3,20,6400.0,8184.0,242454.0,193286.0,107068.0,84325.0,97082.0,19537.0,752576.0,758336.0
2019,3,21,390.0,1832.0,35554.0,55172.0,3612.0,860.0,1836.0,34501.0,132632.0,133757.0
2019,3,22,60.0,140.0,32133.0,4692.0,1756.0,820.0,226.0,9648.0,48557.0,49475.0
2019,3,23,160.0,1100.0,71043.0,47693.0,24354.0,8430.0,20385.0,0.0,164444.0,173165.0
2019,2,0,199768.0,46852.0,1436259.0,217785.0,438663.0,502275.0,985767.0,43438.0,3870807.0,3870807.0
2019,2,1,740.0,1027.0,281370.0,124087.0,239691.0,296155.0,475991.0,,1418395.0,1419061.0
2019,2,2,340.0,430.0,16631.0,867.0,6049.0,340.0,10.0,2151.0,33622.0,26818.0
2019,2,3,690.0,1383.0,38488.0,26431.0,16789.0,15348.0,9904.0,1492.0,109904.0,110525.0
2019,2,4,660.0,3952.0,69032.0,10049.0,1495.0,740.0,165.0,45.0,89333.0,86138.0
2019,2,5,810.0,8165.0,248427.0,100512.0,157458.0,170159.0,76053.0,8938.0,769793.0,770522.0
2019,2,6,100.0,3012.0,40424.0,27774.0,13114.0,11928.0,7119.0,608.0,109461.0,104079.0
2019,2,7,180.0,5905.0,100687.0,52316.0,23196.0,24221.0,10664.0,17206.0,234213.0,234375.0
2019,2,8,111.0,3490.0,26512.0,5399.0,8384.0,2639.0,2258.0,1000.0,46751.0,49793.0
2019,2,9,270.0,9400.0,26233.0,8441.0,267.0,270.0,2600.0,21765.0,86733.0,69246.0
2019,2,10,2360.0,3289.0,75406.0,5191.0,1366.0,1445.0,629.0,2661.0,90223.0,92347.0
2019,2,11,90.0,110.0,39819.0,4297.0,4857.0,130.0,1298.0,,50304.0,50601.0
2019,2,12,200.0,2522.0,205165.0,2971.0,10092.0,1256.0,234.0,,222260.0,222440.0
2019,2,13,470.0,2226.0,45769.0,27385.0,15408.0,18882.0,8129.0,12206.0,130052.0,130475.0
2019,2,14,3020.0,3038.0,61776.0,4688.0,17318.0,2121.0,14132.0,4220.0,122886.0,110313.0
2019,2,15,3840.0,1354.0,86366.0,2201.0,10291.0,12407.0,6907.0,18519.0,138429.0,141885.0
2019,2,16,490.0,9740.0,59638.0,36923.0,16961.0,14059.0,6461.0,7585.0,142650.0,151857.0
2019,2,17,220.0,2130.0,60913.0,2177.0,7850.0,70.0,4.0,6119.0,70240.0,79483.0
2019,2,18,570.0,1020.0,16575.0,4964.0,4670.0,57236.0,5.0,37977.0,117383.0,123017.0
2019,2,19,250.0,840.0,24861.0,3806.0,1202.0,280.0,4.0,,30010.0,31243.0
2019,2,20,3210.0,8427.0,300124.0,125176.0,129741.0,100131.0,49865.0,22323.0,736108.0,738997.0
2019,2,21,390.0,1832.0,63268.0,21362.0,3741.0,1080.0,1205.0,34501.0,126056.0,127379.0
2019,2,22,60.0,1230.0,41824.0,4241.0,1573.0,960.0,32.0,,47895.0,49920.0
2019,2,23,160.0,1570.0,78891.0,44296.0,24291.0,6280.0,18394.0,,166673.0,173882.0
2019,1,0,162513.0,72296.0,1429964.0,202511.0,576428.0,576859.0,705769.0,6369.0,3732709.0,3732709.0
2019,1,1,740.0,7417.0,283787.0,131007.0,330122.0,365713.0,283463.0,0.0,1401583.0,1402249.0
2019,1,2,340.0,1708.0,18761.0,6443.0,5606.0,290.0,7.0,2151.0,34739.0,35306.0
2019,1,3,690.0,3801.0,38719.0,25632.0,18965.0,12393.0,6368.0,1035.0,106982.0,107603.0
2019,1,4,660.0,3938.0,71077.0,6571.0,7870.0,740.0,165.0,0.0,82678.0,91021.0
2019,1,5,810.0,20403.0,242769.0,96997.0,200681.0,127965.0,50716.0,6806.0,746418.0,747147.0
2019,1,6,100.0,647.0,38402.0,26562.0,15498.0,9688.0,5029.0,0.0,101659.0,95926.0
2019,1,7,180.0,9217.0,107013.0,50068.0,28957.0,18146.0,7619.0,12142.0,233180.0,233342.0
2019,1,8,111.0,3023.0,23085.0,5301.0,9027.0,2099.0,1654.0,0.0,45299.0,44300.0
2019,1,9,270.0,2817.0,30727.0,7811.0,4021.0,300.0,1141.0,37162.0,83736.0,84249.0
2019,1,10,2360.0,8327.0,70538.0,4466.0,1061.0,1354.0,405.0,6980.0,87085.0,95491.0
2019,1,11,90.0,1169.0,40285.0,4088.0,5216.0,170.0,869.0,0.0,51653.0,51887.0
2019,1,12,200.0,1786.0,205383.0,2837.0,5702.0,1110.0,140.0,0.0,215979.0,217158.0
2019,1,13,470.0,5946.0,45266.0,2589.0,19111.0,16552.0,5167.0,7654.0,125633.0,102755.0
2019,1,14,1328.0,3055.0,52360.0,1781.0,21452.0,17135.0,11026.0,6105.0,114242.0,114242.0
2019,1,15,3840.0,1583.0,84845.0,2037.0,13615.0,9567.0,5076.0,3719.0,120826.0,124282.0
2019,1,16,490.0,4232.0,59244.0,36473.0,2291.0,10861.0,2242.0,10.0,136012.0,115843.0
2019,1,17,220.0,2290.0,62380.0,2660.0,5200.0,30.0,2.0,5600.0,63982.0,78382.0
2019,1,18,570.0,1200.0,21380.0,53214.0,3450.0,60.0,2.0,23577.0,98701.0,103453.0
2019,1,19,250.0,1280.0,21990.0,2731.0,7020.0,260.0,4.0,0.0,25606.0,33535.0
2019,1,20,3330.0,2935.0,296798.0,122959.0,153212.0,74575.0,36502.0,18591.0,732320.0,708902.0
2019,1,21,390.0,3372.0,62895.0,20691.0,3959.0,850.0,494.0,0.0,91535.0,92651.0
2019,1,22,60.0,1310.0,38851.0,3623.0,6410.0,800.0,29.0,0.0,43361.0,51083.0
2019,1,23,160.0,5188.0,82240.0,42877.0,2621.0,8470.0,14839.0,0.0,172217.0,156395.0
2018,4,0,134673.0,73761.0,1422463.0,194426.0,577679.0,949093.0,265386.0,19125.0,3636606.0,3636606.0
2018,4,1,740.0,7388.0,283281.0,143309.0,330496.0,437662.0,186810.0,0.0,1389020.0,1389686.0
2018,4,2,340.0,1669.0,17955.0,6425.0,5461.0,290.0,7.0,2003.0,33583.0,34150.0
2018,4,3,690.0,3405.0,36437.0,25633.0,18965.0,12393.0,6368.0,0.0,103270.0,103891.0
2018,4,4,660.0,3917.0,66061.0,6215.0,5310.0,6230.0,165.0,1144.0,78722.0,89702.0
2018,4,5,810.0,24102.0,228475.0,97277.0,201639.0,128053.0,48809.0,8903.0,737339.0,738068.0
2018,4,6,100.0,6438.0,37376.0,26562.0,15498.0,9688.0,5029.0,0.0,100601.0,100691.0
2018,4,7,180.0,8769.0,94780.0,50027.0,29002.0,18146.0,7612.0,13693.0,222047.0,222209.0
2018,4,8,111.0,3074.0,22962.0,5285.0,9027.0,2092.0,1654.0,0.0,45204.0,44205.0
2018,4,9,270.0,2803.0,30727.0,7811.0,4021.0,300.0,1141.0,43573.0,90133.0,90646.0
2018,4,10,2410.0,7727.0,70508.0,3661.0,9780.0,1328.0,270.0,9230.0,85636.0,104914.0
2018,4,11,90.0,1164.0,40285.0,4088.0,5216.0,170.0,869.0,30.0,51651.0,51912.0
2018,4,12,200.0,1463.0,197450.0,2494.0,4726.0,190.0,132.0,0.0,206304.0,206655.0
2018,4,13,470.0,5981.0,43267.0,26019.0,19226.0,16566.0,5167.0,0.0,116273.0,116696.0
2018,4,14,1328.0,3044.0,52313.0,1781.0,21452.0,17135.0,11025.0,6287.0,114365.0,114365.0
2018,4,15,3840.0,1225.0,83412.0,6430.0,1344.0,9569.0,5070.0,3094.0,116837.0,113984.0
2018,4,16,490.0,3659.0,58492.0,36365.0,2291.0,10861.0,2242.0,0.0,134578.0,114400.0
2018,4,17,220.0,1465.0,59811.0,1800.0,3120.0,10.0,1.0,6060.0,62398.0,72487.0
2018,4,18,570.0,1090.0,19164.0,53183.0,1190.0,620.0,2.0,23635.0,96331.0,99454.0
2018,4,19,250.0,1150.0,23107.0,7790.0,2060.0,10.0,4.0,5310.0,24768.0,39681.0
2018,4,20,3350.0,31397.0,276301.0,121009.0,152039.0,74432.0,36427.0,2845.0,720390.0,697800.0
2018,4,21,390.0,325.0,61347.0,20127.0,3686.0,770.0,483.0,3260.0,89335.0,90388.0
2018,4,22,60.0,270.0,29919.0,6323.0,9894.0,240.0,67.0,0.0,46260.0,46773.0
2018,4,23,160.0,5244.0,82089.0,42766.0,26111.0,8470.0,14839.0,920.0,172004.0,180599.0
2018,3,0,9910.0,80459.0,1445733.0,190805.0,63609.0,897964.0,237248.0,120464.0,3609754.0,3046192.0
2018,3,1,730.0,8493.0,287919.0,147253.0,370677.0,41502.0,165055.0,0.0,1394490.0,1021629.0
2018,3,2,340.0,1994.0,18475.0,6358.0,532.0,340.0,7.0,2151.0,34373.0,30197.0
2018,3,3,700.0,3503.0,38729.0,24916.0,20335.0,11085.0,5667.0,1035.0,105340.0,105970.0
2018,3,4,670.0,3951.0,91096.0,6162.0,5310.0,6230.0,164.0,0.0,102594.0,113583.0
2018,3,5,810.0,24767.0,224471.0,96372.0,221984.0,109333.0,39854.0,649.0,723352.0,718240.0
2018,3,6,110.0,6754.0,38364.0,24953.0,16601.0,8357.0,4419.0,0.0,99459.0,99558.0
2018,3,7,180.0,9048.0,96095.0,45651.0,31353.0,15111.0,6786.0,0.0,204062.0,204224.0
2018,3,8,111.0,3365.0,22624.0,5259.0,9336.0,1729.0,1434.0,0.0,44857.0,43858.0
2018,3,9,3450.0,302.0,29048.0,7756.0,4066.0,390.0,623.0,0.0,44897.0,45635.0
2018,3,10,2420.0,8417.0,68507.0,3153.0,9200.0,1189.0,216.0,6980.0,83342.0,100082.0
2018,3,11,90.0,1291.0,40647.0,4138.0,5425.0,200.0,339.0,0.0,51869.0,52130.0
2018,3,12,200.0,1525.0,199297.0,2476.0,4727.0,270.0,129.0,0.0,208201.0,208624.0
2018,3,13,480.0,5749.0,39617.0,24747.0,21212.0,14674.0,4547.0,0.0,110594.0,111026.0
2018,3,14,1396.0,2244.0,55822.0,1647.0,23785.0,15218.0,9718.0,6105.0,115935.0,115935.0
2018,3,15,4090.0,5221.0,75929.0,5120.0,14912.0,847.0,4332.0,3719.0,113504.0,114170.0
2018,3,16,1160.0,3721.0,61795.0,32782.0,25582.0,9224.0,502.0,0.0,133722.0,134766.0
2018,3,17,220.0,1326.0,62525.0,1800.0,3120.0,30.0,1.0,0.0,64369.0,69022.0
2018,3,18,570.0,1090.0,19170.0,5294.0,1190.0,630.0,2.0,1902.0,74362.0,29848.0
2018,3,19,260.0,1160.0,32815.0,7780.0,2060.0,10.0,3.0,0.0,33945.0,44088.0
2018,3,20,4670.0,36786.0,269211.0,115907.0,162545.0,62479.0,31266.0,13911.0,692572.0,696775.0
2018,3,21,410.0,255.0,60260.0,19116.0,3806.0,640.0,265.0,0.0,86102.0,84752.0
2018,3,22,60.0,1870.0,41569.0,227.0,2310.0,240.0,13.0,0.0,44300.0,46289.0
2018,3,23,160.0,5993.0,81559.0,43282.0,27062.0,9410.0,12187.0,0.0,171040.0,179653.0
2018,2,0,1009.0,81354.0,1459443.0,295457.0,816056.0,536049.0,199589.0,113357.0,3502314.0,3502314.0
2018,2,1,730.0,9234.0,290291.0,219166.0,445345.0,264805.0,142253.0,0.0,1371167.0,1371824.0
2018,2,2,340.0,2414.0,14624.0,6112.0,4347.0,360.0,6.0,65.0,34073.0,28268.0
2018,2,3,700.0,2968.0,34167.0,24282.0,21887.0,9251.0,4630.0,1035.0,98290.0,98920.0
2018,2,4,670.0,4471.0,85598.0,5369.0,40.0,50.0,9.0,501.0,100533.0,96708.0
2018,2,5,810.0,21779.0,219630.0,102596.0,244291.0,78852.0,34950.0,811.0,710289.0,703719.0
2018,2,6,110.0,7047.0,38268.0,24066.0,17926.0,678.0,3862.0,0.0,97960.0,91957.0
2018,2,7,180.0,8179.0,94459.0,4457.0,34281.0,12012.0,5920.0,0.0,199439.0,159488.0
2018,2,8,111.0,3568.0,22409.0,5176.0,9727.0,1313.0,1243.0,0.0,44546.0,43547.0
2018,2,9,3450.0,332.0,29319.0,8083.0,3977.0,440.0,7.0,0.0,45095.0,45608.0
2018,2,10,2440.0,8797.0,68083.0,2409.0,9650.0,9690.0,179.0,6980.0,82344.0,108228.0
2018,2,11,90.0,1384.0,40679.0,4198.0,564.0,200.0,15.0,0.0,51945.0,47130.0
2018,2,12,200.0,1658.0,164596.0,5150.0,2660.0,170.0,72.0,33788.0,200932.0,208294.0
2018,2,13,480.0,6092.0,39489.0,23569.0,23747.0,11888.0,3866.0,0.0,108699.0,109131.0
2018,2,14,1396.0,2408.0,56035.0,1314.0,26417.0,12442.0,8551.0,6105.0,114668.0,114668.0
2018,2,15,4090.0,5298.0,75056.0,5230.0,1648.0,6663.0,3725.0,3975.0,112129.0,105685.0
2018,2,16,1160.0,399.0,61763.0,33285.0,28431.0,7239.0,182.0,0.0,135006.0,132459.0
2018,2,17,220.0,1378.0,57591.0,110.0,0.0,30.0,0.0,5068.0,64073.0,64397.0
2018,2,18,570.0,1010.0,11992.0,110.0,0.0,70.0,2.0,9284.0,21454.0,23038.0
2018,2,19,260.0,1200.0,28600.0,6550.0,1000.0,10.0,3.0,4267.0,33772.0,41890.0
2018,2,20,7440.0,34267.0,262603.0,112143.0,17554.0,50525.0,26512.0,22257.0,684591.0,533301.0
2018,2,21,410.0,2717.0,41362.0,18721.0,3278.0,310.0,31.0,17589.0,83770.0,84418.0
2018,2,22,60.0,1880.0,40912.0,2217.0,750.0,0.0,0.0,1070.0,43505.0,46889.0
2018,2,23,160.0,6735.0,79899.0,44968.0,27059.0,1084.0,8784.0,1305.0,169850.0,169994.0
2018,1,0,1514.0,74766.0,1445752.0,292732.0,886678.0,480237.0,184203.0,105818.0,3471700.0,3471700.0
2018,1,1,890.0,10039.0,292566.0,222737.0,487826.0,227953.0,127384.0,0.0,1368594.0,1369395.0
2018,1,2,340.0,2896.0,14770.0,6145.0,3539.0,410.0,4.0,65.0,33929.0,28169.0
2018,1,3,700.0,3261.0,32516.0,24488.0,23296.0,8219.0,3897.0,1035.0,96782.0,97412.0
2018,1,4,670.0,4314.0,83161.0,5358.0,40.0,50.0,9.0,501.0,97928.0,94103.0
2018,1,5,2810.0,23922.0,222815.0,1043.0,266259.0,57137.0,29228.0,10049.0,713991.0,613263.0
2018,1,6,110.0,5005.0,37152.0,24038.0,19068.0,589.0,3256.0,0.0,94420.0,89218.0
2018,1,7,180.0,8861.0,90080.0,45599.0,37401.0,9818.0,5071.0,0.0,196848.0,197010.0
2018,1,8,111.0,3803.0,10092.0,5117.0,10061.0,1091.0,1046.0,0.0,32320.0,31321.0
2018,1,9,3450.0,4807.0,27219.0,8044.0,3925.0,490.0,4.0,0.0,44393.0,47939.0
2018,1,10,2450.0,8119.0,67104.0,1616.0,1076.0,6140.0,98.0,3503.0,82375.0,90106.0
2018,1,11,90.0,1485.0,40680.0,4217.0,5831.0,190.0,1.0,0.0,52242.0,52494.0
2018,1,12,200.0,1662.0,164599.0,5010.0,2660.0,190.0,72.0,33788.0,200927.0,208181.0
2018,1,13,480.0,47.0,35820.0,23291.0,26223.0,10241.0,3219.0,0.0,103542.0,99321.0
2018,1,14,1396.0,2367.0,59468.0,1311.0,29012.0,9709.0,7378.0,6105.0,116746.0,116746.0
2018,1,15,4090.0,5333.0,74894.0,5300.0,17997.0,4972.0,3129.0,3975.0,111239.0,119690.0
2018,1,16,1160.0,4459.0,60334.0,33088.0,30771.0,5145.0,88.0,0.0,134001.0,135045.0
2018,1,17,220.0,1058.0,57078.0,110.0,0.0,30.0,0.0,5068.0,63240.0,63564.0
2018,1,18,570.0,1010.0,11920.0,110.0,0.0,70.0,2.0,9284.0,21382.0,22966.0
2018,1,19,260.0,1200.0,28600.0,6550.0,1000.0,10.0,3.0,4267.0,33772.0,41890.0
2018,1,20,1359.0,33639.0,262008.0,108576.0,1889.0,39589.0,22801.0,23181.0,680053.0,493042.0
2018,1,21,410.0,291.0,41298.0,18914.0,3449.0,330.0,2.0,17589.0,84236.0,82283.0
2018,1,22,60.0,3070.0,33987.0,20.0,0.0,0.0,0.0,1070.0,34409.0,38207.0
2018,1,23,160.0,7472.0,78811.0,45675.0,26405.0,1218.0,7082.0,1305.0,167984.0,168128.0
2017,4,0,3865.0,55046.0,1551194.0,264645.0,712513.0,33514.0,151747.0,114182.0,3188332.0,2886706.0
2017,4,1,3140.0,31411.0,517018.0,28404.0,45812.0,178396.0,114939.0,0.0,1584238.0,919120.0
2017,4,2,340.0,3182.0,15315.0,5904.0,2927.0,430.0,2.0,2151.0,29558.0,30251.0
2017,4,3,700.0,3432.0,37144.0,24088.0,20123.0,729.0,3289.0,1035.0,96471.0,90540.0
2017,4,4,670.0,4313.0,83676.0,5355.0,70.0,50.0,9.0,0.0,93432.0,94143.0
2017,4,5,2910.0,25411.0,280837.0,102892.0,217602.0,40898.0,24251.0,8429.0,700611.0,703230.0
2017,4,6,110.0,522.0,41080.0,23686.0,16046.0,5053.0,2675.0,0.0,93771.0,89172.0
2017,4,7,1685.0,9078.0,95466.0,45189.0,3001.0,7958.0,4113.0,0.0,193499.0,166490.0
2017,4,8,111.0,4061.0,13220.0,4867.0,6996.0,9770.0,824.0,0.0,32055.0,39849.0
2017,4,9,3450.0,5364.0,26566.0,7721.0,3507.0,440.0,3.0,0.0,43550.0,47051.0
2017,4,10,3100.0,8729.0,66053.0,1227.0,7920.0,3910.0,81.0,3503.0,81086.0,94523.0
2017,4,11,90.0,1488.0,40777.0,4083.0,5813.0,220.0,3.0,0.0,52195.0,52474.0
2017,4,12,260.0,1656.0,177646.0,4380.0,2780.0,290.0,81.0,0.0,180154.0,187093.0
2017,4,13,1053.0,39.0,41723.0,23131.0,22262.0,9091.0,2735.0,0.0,103895.0,100034.0
2017,4,14,1396.0,2372.0,68036.0,1325.0,22781.0,7528.0,6300.0,6105.0,115843.0,115843.0
2017,4,15,4090.0,5598.0,81078.0,4850.0,12502.0,3447.0,2440.0,3719.0,109678.0,117724.0
2017,4,16,6360.0,4275.0,73284.0,32842.0,18968.0,3559.0,84.0,0.0,133648.0,139372.0
2017,4,17,220.0,1062.0,57525.0,90.0,0.0,20.0,2.0,0.0,58622.0,58919.0
2017,4,18,590.0,1010.0,12822.0,80.0,0.0,10.0,7.0,1902.0,14900.0,16421.0
2017,4,19,680.0,780.0,29073.0,6550.0,1000.0,10.0,3.0,0.0,29978.0,38096.0
2017,4,20,3109.0,34132.0,309998.0,108939.0,151329.0,30736.0,19602.0,14119.0,671964.0,671964.0
2017,4,21,410.0,3091.0,43544.0,18773.0,3359.0,320.0,2.0,0.0,68842.0,69499.0
2017,4,22,60.0,3100.0,31334.0,20.0,0.0,0.0,0.0,0.0,31652.0,34514.0
2017,4,23,1050.0,8164.0,78750.0,45241.0,24318.0,1303.0,4367.0,0.0,162248.0,163193.0
2017,3,0,6577.0,51411.0,1733479.0,311652.0,676137.0,140812.0,108400.0,0.0,3028468.0,3028468.0
2017,3,1,2830.0,33924.0,590689.0,311411.0,4263.0,120675.0,91917.0,0.0,1575199.0,1155709.0
2017,3,2,520.0,3204.0,15383.0,5758.0,2563.0,500.0,1.0,0.0,27011.0,27929.0
2017,3,3,950.0,3496.0,40059.0,23008.0,20307.0,3827.0,2004.0,0.0,92796.0,93651.0
2017,3,4,4360.0,3989.0,71843.0,2336.0,30.0,0.0,0.0,0.0,78607.0,82558.0
2017,3,5,3270.0,26154.0,309161.0,100113.0,189302.0,38131.0,16741.0,0.0,679929.0,682872.0
2017,3,6,240.0,5629.0,44305.0,22785.0,15576.0,2635.0,1607.0,0.0,92561.0,92777.0
2017,3,7,1691.0,7545.0,98032.0,42947.0,29011.0,3878.0,2397.0,0.0,185501.0,185501.0
2017,3,8,1063.0,3716.0,13752.0,5187.0,6056.0,8990.0,459.0,0.0,31132.0,39223.0
2017,3,9,3370.0,5723.0,26835.0,7369.0,2962.0,410.0,2.0,0.0,43269.0,46671.0
2017,3,10,3430.0,8244.0,64794.0,8550.0,5880.0,3270.0,51.0,0.0,75202.0,94219.0
2017,3,11,160.0,1497.0,40882.0,3899.0,5604.0,230.0,3.0,0.0,51924.0,52275.0
2017,3,12,320.0,950.0,158461.0,1150.0,670.0,290.0,19.0,0.0,158818.0,161860.0
2017,3,13,1058.0,4123.0,42900.0,22808.0,23913.0,3843.0,1881.0,0.0,100526.0,100526.0
2017,3,14,2036.0,1457.0,72532.0,1034.0,20213.0,7067.0,4937.0,0.0,109276.0,109276.0
2017,3,15,4220.0,5641.0,83900.0,3060.0,10116.0,2965.0,1659.0,0.0,105009.0,111561.0
2017,3,16,6450.0,4494.0,78830.0,32433.0,1462.0,2315.0,63.0,0.0,133400.0,126047.0
2017,3,17,310.0,1077.0,57582.0,10.0,0.0,20.0,2.0,0.0,58695.0,59001.0
2017,3,18,630.0,30.0,12325.0,70.0,0.0,10.0,7.0,0.0,12406.0,13072.0
2017,3,19,1880.0,230.0,29102.0,5420.0,660.0,330.0,1.0,0.0,29955.0,37623.0
2017,3,20,3116.0,34019.0,320017.0,104453.0,125339.0,24536.0,12982.0,0.0,624462.0,624462.0
2017,3,21,690.0,3288.0,40435.0,18489.0,3047.0,300.0,2.0,0.0,65360.0,66251.0
2017,3,22,90.0,2970.0,33858.0,0.0,0.0,0.0,0.0,0.0,34164.0,36918.0
2017,3,23,1090.0,8948.0,83070.0,45302.0,20514.0,1361.0,655.0,0.0,159959.0,160940.0
2017,2,0,7548.0,47472.0,1910156.0,299009.0,573298.0,93059.0,46178.0,0.0,2976720.0,2976720.0
2017,2,1,5560.0,35663.0,726223.0,30497.0,378571.0,80234.0,37977.0,0.0,1564194.0,1294725.0
2017,2,2,150.0,3318.0,15655.0,5325.0,2342.0,470.0,1.0,0.0,26703.0,27261.0
2017,2,3,1910.0,3733.0,42590.0,22349.0,18044.0,3157.0,545.0,0.0,90609.0,92328.0
2017,2,4,4030.0,4186.0,73760.0,188.0,0.0,0.0,0.0,0.0,80229.0,82164.0
2017,2,5,2510.0,26862.0,370865.0,88479.0,146683.0,20351.0,5069.0,0.0,658560.0,660819.0
2017,2,6,150.0,5912.0,46483.0,21776.0,13043.0,2218.0,647.0,0.0,90094.0,90229.0
2017,2,7,168.0,7944.0,104422.0,418.0,23524.0,2604.0,823.0,0.0,182797.0,139903.0
2017,2,8,1486.0,3419.0,14787.0,4795.0,4583.0,7490.0,139.0,0.0,29958.0,36699.0
2017,2,9,3110.0,5877.0,26915.0,6974.0,2538.0,420.0,1.0,0.0,42658.0,45835.0
2017,2,10,3560.0,8633.0,59045.0,5580.0,3360.0,2440.0,21.0,0.0,69193.0,82639.0
2017,2,11,90.0,1554.0,9304.0,3599.0,1796.0,240.0,2.0,0.0,16288.0,16585.0
2017,2,12,1090.0,240.0,177203.0,920.0,500.0,50.0,22.0,0.0,177505.0,180025.0
2017,2,13,1011.0,4447.0,47244.0,22033.0,21599.0,2892.0,570.0,0.0,99796.0,99796.0
2017,2,14,1542.0,1395.0,81272.0,8490.0,18051.0,4774.0,1703.0,0.0,109586.0,117227.0
2017,2,15,9730.0,5606.0,88085.0,2450.0,799.0,1921.0,559.0,0.0,105379.0,109150.0
2017,2,16,5940.0,4719.0,67576.0,23185.0,11333.0,1068.0,76.0,0.0,108551.0,113897.0
2017,2,17,150.0,1930.0,58588.0,0.0,0.0,0.0,4.0,0.0,58800.0,60672.0
2017,2,18,80.0,40.0,14014.0,0.0,0.0,10.0,2.0,0.0,14029.0,14146.0
2017,2,19,1880.0,240.0,30913.0,5410.0,660.0,330.0,0.0,0.0,31765.0,39433.0
2017,2,20,4967.0,38721.0,311830.0,92854.0,97563.0,16794.0,4275.0,0.0,567004.0,567004.0
2017,2,21,260.0,3539.0,20384.0,6432.0,2802.0,160.0,0.0,0.0,33199.0,33577.0
2017,2,22,160.0,2850.0,35409.0,0.0,0.0,0.0,0.0,0.0,35710.0,38419.0
2017,2,23,960.0,9236.0,83342.0,42536.0,17788.0,1371.0,21.0,0.0,154390.0,155254.0
2017,1,0,6017.0,83918.0,2057698.0,402315.0,52354.0,90937.0,22299.0,0.0,3186724.0,2715538.0
2017,1,1,5100.0,1409.0,678922.0,218487.0,277195.0,66536.0,19881.0,0.0,1262940.0,1267530.0
2017,1,2,150.0,3328.0,15861.0,4901.0,2161.0,490.0,0.0,0.0,26315.0,26891.0
2017,1,3,1910.0,3835.0,44544.0,21467.0,15671.0,3025.0,314.0,0.0,89047.0,90766.0
2017,1,4,4010.0,4182.0,73759.0,1808.0,0.0,0.0,0.0,0.0,80150.0,83759.0
2017,1,5,500.0,28732.0,391556.0,82011.0,118643.0,19035.0,2071.0,0.0,642098.0,642548.0
2017,1,6,150.0,604.0,48149.0,20586.0,11468.0,2044.0,303.0,0.0,88605.0,83304.0
2017,1,7,168.0,808.0,108379.0,39146.0,20562.0,2254.0,317.0,0.0,180418.0,171634.0
2017,1,8,1535.0,3538.0,15473.0,4446.0,4058.0,6350.0,22.0,0.0,29707.0,35422.0
2017,1,9,3300.0,6213.0,27824.0,6486.0,2306.0,440.0,0.0,0.0,43203.0,46569.0
2017,1,10,3620.0,9279.0,57739.0,3310.0,1920.0,1650.0,11.0,0.0,68079.0,77529.0
2017,1,11,90.0,1578.0,9486.0,3409.0,1718.0,220.0,2.0,0.0,16224.0,16503.0
2017,1,12,1060.0,150.0,177201.0,860.0,500.0,50.0,22.0,0.0,177485.0,179843.0
2017,1,13,101.0,4665.0,45950.0,23847.0,19356.0,2627.0,166.0,0.0,97621.0,96712.0
2017,1,14,1547.0,1418.0,83813.0,9020.0,1513.0,4223.0,458.0,0.0,107491.0,101992.0
2017,1,15,9860.0,5647.0,89622.0,2460.0,6738.0,1594.0,200.0,0.0,105033.0,116121.0
2017,1,16,5790.0,4861.0,70922.0,21554.0,9386.0,2670.0,74.0,0.0,107643.0,115257.0
2017,1,17,80.0,1920.0,58588.0,0.0,0.0,0.0,4.0,0.0,58792.0,60592.0
2017,1,18,80.0,40.0,14014.0,0.0,0.0,10.0,2.0,0.0,14029.0,14146.0
2017,1,19,1900.0,230.0,31078.0,4740.0,680.0,300.0,0.0,0.0,31863.0,38928.0
2017,1,20,4966.0,39463.0,340418.0,77152.0,83008.0,15775.0,1831.0,0.0,562613.0,562613.0
2017,1,21,260.0,3772.0,21659.0,6218.0,2786.0,170.0,0.0,0.0,34478.0,34865.0
2017,1,22,160.0,2850.0,35409.0,0.0,0.0,0.0,0.0,0.0,35710.0,38419.0
2017,1,23,960.0,9682.0,86470.0,39155.0,15951.0,1383.0,13.0,0.0,152750.0,153614.0
2016,4,0,6055.0,86281.0,2085605.0,403575.0,467398.0,72348.0,17279.0,0.0,3138541.0,3138541.0
2016,4,1,5170.0,1477.0,704324.0,225723.0,264582.0,53506.0,16756.0,0.0,1266885.0,1271538.0
2016,4,2,150.0,3478.0,16519.0,4889.0,2077.0,540.0,0.0,0.0,27032.0,27653.0
2016,4,3,1910.0,3983.0,45634.0,21323.0,14887.0,2586.0,250.0,0.0,88854.0,90573.0
2016,4,4,4010.0,4493.0,73951.0,1352.0,0.0,0.0,0.0,0.0,80197.0,83806.0
2016,4,5,500.0,2938.0,404645.0,77966.0,108368.0,15458.0,1606.0,0.0,637473.0,611481.0
2016,4,6,150.0,6109.0,48995.0,20187.0,10908.0,1645.0,234.0,0.0,88093.0,88228.0
2016,4,7,168.0,8253.0,110296.0,38491.0,19509.0,1801.0,280.0,0.0,180310.0,178798.0
2016,4,8,1573.0,3519.0,15791.0,4114.0,3855.0,6490.0,17.0,0.0,29518.0,35359.0
2016,4,9,3030.0,6225.0,27778.0,6143.0,2134.0,430.0,0.0,0.0,42626.0,45740.0
2016,4,10,3680.0,9789.0,56694.0,160.0,3350.0,1320.0,11.0,0.0,67345.0,75004.0
2016,4,11,90.0,1646.0,9635.0,3334.0,1675.0,130.0,3.0,0.0,16315.0,16513.0
2016,4,12,1140.0,160.0,177194.0,790.0,490.0,50.0,20.0,0.0,177477.0,179844.0
2016,4,13,101.0,4783.0,47454.0,23433.0,18371.0,2215.0,126.0,0.0,97392.0,96483.0
2016,4,14,1539.0,1406.0,84859.0,7920.0,14153.0,3073.0,271.0,0.0,106093.0,113221.0
2016,4,15,9980.0,2953.0,92967.0,2480.0,6317.0,1174.0,122.0,0.0,104779.0,115993.0
2016,4,16,5770.0,5027.0,71636.0,20787.0,8611.0,2390.0,70.0,0.0,106947.0,114291.0
2016,4,17,80.0,2200.0,58608.0,0.0,0.0,0.0,4.0,0.0,58840.0,60892.0
2016,4,18,80.0,40.0,14014.0,0.0,0.0,10.0,2.0,0.0,14029.0,14146.0
2016,4,19,1890.0,230.0,31369.0,3420.0,800.0,100.0,0.0,0.0,32013.0,37809.0
2016,4,20,4966.0,40102.0,349722.0,74401.0,77667.0,13155.0,1529.0,0.0,561542.0,561542.0
2016,4,21,260.0,3925.0,22246.0,6178.0,2664.0,150.0,0.0,0.0,35054.0,35423.0
2016,4,22,160.0,2850.0,35409.0,0.0,0.0,0.0,0.0,0.0,35710.0,38419.0
2016,4,23,960.0,10021.0,87994.0,37721.0,14389.0,14.0,10.0,0.0,151631.0,151109.0
2016,3,0,5856.0,107945.0,2148475.0,39353.0,399116.0,529.0,13318.0,0.0,3121140.0,2714592.0
2016,3,1,3310.0,9950.0,759028.0,208249.0,240856.0,38341.0,13886.0,0.0,1261686.0,1273620.0
2016,3,2,150.0,4038.0,16183.0,4845.0,1853.0,500.0,0.0,0.0,26984.0,27569.0
2016,3,3,1900.0,5227.0,46821.0,21193.0,13746.0,2022.0,217.0,0.0,89416.0,91126.0
2016,3,4,4660.0,519.0,74375.0,6740.0,0.0,0.0,0.0,0.0,80705.0,86294.0
2016,3,5,480.0,41329.0,415075.0,75988.0,99225.0,11691.0,1322.0,0.0,644678.0,645110.0
2016,3,6,150.0,7425.0,49471.0,19956.0,10006.0,1263.0,210.0,0.0,88346.0,88481.0
2016,3,7,1768.0,10657.0,110844.0,38665.0,17737.0,1307.0,248.0,0.0,181226.0,181226.0
2016,3,8,1723.0,4277.0,15581.0,3964.0,3658.0,6480.0,10.0,0.0,29861.0,35693.0
2016,3,9,2860.0,6878.0,27425.0,5943.0,1978.0,310.0,0.0,0.0,42541.0,45394.0
2016,3,10,3740.0,10187.0,55792.0,150.0,2240.0,1140.0,11.0,0.0,66717.0,73260.0
2016,3,11,90.0,2349.0,9686.0,3316.0,1562.0,110.0,2.0,0.0,16935.0,17115.0
2016,3,12,370.0,100.0,178186.0,730.0,480.0,50.0,17.0,0.0,178376.0,179933.0
2016,3,13,101.0,603.0,48871.0,23394.0,17043.0,1559.0,91.0,0.0,97998.0,91662.0
2016,3,14,1531.0,1527.0,87404.0,6800.0,12541.0,2118.0,225.0,0.0,106026.0,112146.0
2016,3,15,1007.0,6026.0,90689.0,2070.0,5953.0,7900.0,99.0,0.0,104771.0,113744.0
2016,3,16,1107.0,6922.0,71214.0,20229.0,8099.0,1970.0,50.0,0.0,107818.0,109591.0
2016,3,17,80.0,2450.0,58577.0,0.0,0.0,0.0,2.0,0.0,58832.0,61109.0
2016,3,18,70.0,40.0,14077.0,0.0,0.0,10.0,2.0,0.0,14091.0,14199.0
2016,3,19,1890.0,220.0,31904.0,2210.0,520.0,90.0,0.0,0.0,32397.0,36834.0
2016,3,20,3958.0,49501.0,360606.0,72657.0,69864.0,1021.0,1308.0,0.0,568104.0,558915.0
2016,3,21,260.0,5097.0,22747.0,6216.0,2497.0,90.0,0.0,0.0,36592.0,36907.0
2016,3,22,160.0,2850.0,35080.0,0.0,0.0,0.0,0.0,0.0,35381.0,38090.0
2016,3,23,1270.0,12247.0,87970.0,36518.0,1315.0,1288.0,4.0,0.0,151304.0,140612.0
2016,2,0,10786.0,133385.0,2250898.0,335296.0,334723.0,31494.0,11933.0,0.0,3108515.0,3108515.0
2016,2,1,4352.0,1736.0,859039.0,146091.0,21301.0,19597.0,13477.0,0.0,1257302.0,1065593.0
2016,2,2,150.0,5736.0,14742.0,4567.0,1496.0,470.0,1.0,0.0,26604.0,27162.0
2016,2,3,1970.0,8063.0,45823.0,20346.0,1209.0,1571.0,201.0,0.0,88291.0,79183.0
2016,2,4,5720.0,5421.0,73078.0,7750.0,0.0,0.0,0.0,0.0,79846.0,91969.0
2016,2,5,2580.0,5705.0,437547.0,7198.0,82618.0,8355.0,1242.0,0.0,659050.0,545245.0
2016,2,6,410.0,10018.0,47916.0,192.0,8851.0,8030.0,191.0,0.0,87020.0,75608.0
2016,2,7,4734.0,16368.0,115000.0,36917.0,15522.0,8490.0,205.0,0.0,189595.0,197236.0
2016,2,8,1675.0,5401.0,14370.0,3569.0,3218.0,5930.0,10.0,0.0,28836.0,34173.0
2016,2,9,2561.0,8292.0,25301.0,5589.0,175.0,30.0,0.0,0.0,43496.0,41948.0
2016,2,10,4290.0,10616.0,63928.0,150.0,1190.0,960.0,11.0,0.0,75214.0,81145.0
2016,2,11,100.0,3151.0,9043.0,319.0,1344.0,30.0,5.0,0.0,16746.0,13992.0
2016,2,12,4370.0,300.0,176922.0,610.0,440.0,50.0,20.0,0.0,177519.0,182712.0
2016,2,13,1973.0,7899.0,49586.0,21385.0,1482.0,1073.0,96.0,0.0,96832.0,83494.0
2016,2,14,1916.0,1691.0,88854.0,5830.0,10241.0,1285.0,208.0,0.0,104778.0,110025.0
2016,2,15,1189.0,6107.0,92158.0,1940.0,4877.0,5200.0,86.0,0.0,105131.0,111557.0
2016,2,16,216.0,10123.0,70875.0,18759.0,7129.0,1400.0,49.0,0.0,109235.0,108551.0
2016,2,17,100.0,2730.0,57589.0,0.0,0.0,0.0,4.0,0.0,57876.0,60423.0
2016,2,18,120.0,40.0,13931.0,0.0,0.0,10.0,2.0,0.0,13950.0,14103.0
2016,2,19,2440.0,260.0,31995.0,1420.0,200.0,0.0,0.0,0.0,32427.0,36315.0
2016,2,20,9486.0,67325.0,374960.0,68505.0,60469.0,6509.0,1277.0,0.0,588531.0,588531.0
2016,2,21,7040.0,6705.0,22208.0,5943.0,2108.0,10.0,0.0,0.0,37669.0,44014.0
2016,2,22,160.0,2860.0,38773.0,0.0,0.0,0.0,0.0,0.0,39075.0,41793.0
2016,2,23,2310.0,18515.0,83945.0,33891.0,1131.0,1032.0,2.0,0.0,148926.0,140826.0
2016,1,0,7351.0,9788.0,2214760.0,289929.0,247372.0,8315.0,9529.0,0.0,2875136.0,2787044.0
2016,1,1,231.0,43686.0,869048.0,178665.0,192644.0,6577.0,10838.0,0.0,1303768.0,1301689.0
2016,1,2,150.0,6102.0,14653.0,4241.0,1334.0,420.0,1.0,0.0,26388.0,26901.0
2016,1,3,1940.0,8755.0,46304.0,19388.0,10587.0,1238.0,184.0,0.0,86650.0,88396.0
2016,1,4,940.0,5095.0,72396.0,1066.0,0.0,0.0,0.0,0.0,78651.0,79497.0
2016,1,5,1480.0,59484.0,414452.0,65763.0,66455.0,4143.0,1039.0,0.0,611484.0,612816.0
2016,1,6,290.0,1069.0,47833.0,18375.0,7911.0,5260.0,170.0,0.0,85534.0,80908.0
2016,1,7,2864.0,17749.0,104137.0,35104.0,14057.0,4570.0,165.0,0.0,174533.0,178646.0
2016,1,8,1738.0,5731.0,14163.0,3229.0,2906.0,5440.0,5.0,0.0,28316.0,33212.0
2016,1,9,2543.0,8558.0,22383.0,5188.0,1623.0,0.0,0.0,0.0,40295.0,40295.0
2016,1,10,4260.0,11065.0,52117.0,150.0,780.0,710.0,11.0,0.0,63783.0,69093.0
2016,1,11,100.0,3382.0,9060.0,298.0,1254.0,20.0,3.0,0.0,16691.0,14117.0
2016,1,12,2350.0,210.0,175376.0,470.0,430.0,50.0,17.0,0.0,175744.0,178903.0
2016,1,13,9590.0,8502.0,50061.0,19195.0,13363.0,7790.0,68.0,0.0,92927.0,108569.0
2016,1,14,172.0,1737.0,86310.0,4790.0,7893.0,1430.0,171.0,0.0,98453.0,102503.0
2016,1,15,1171.0,6105.0,90038.0,2030.0,4246.0,770.0,81.0,0.0,101921.0,104441.0
2016,1,16,1119.0,10765.0,65646.0,17748.0,6643.0,1190.0,31.0,0.0,102071.0,103142.0
2016,1,17,90.0,3090.0,56447.0,0.0,0.0,0.0,2.0,0.0,56767.0,59629.0
2016,1,18,80.0,40.0,13645.0,0.0,0.0,10.0,2.0,0.0,13660.0,13777.0
2016,1,19,1680.0,290.0,32188.0,80.0,0.0,0.0,0.0,0.0,32393.0,34238.0
2016,1,20,6492.0,71565.0,353525.0,64117.0,51293.0,3754.0,1063.0,0.0,551809.0,551809.0
2016,1,21,7030.0,7219.0,22805.0,5769.0,1898.0,0.0,0.0,0.0,38394.0,44721.0
2016,1,22,160.0,2850.0,33003.0,0.0,0.0,0.0,0.0,0.0,33304.0,36013.0
2016,1,23,1060.0,20092.0,84008.0,3149.0,10046.0,8710.0,0.0,0.0,146613.0,127065.0
2015,4,0,7985.0,100303.0,2253197.0,27456.0,240188.0,3835.0,8180.0,0.0,2888246.0,2641144.0
2015,4,1,2417.0,46568.0,916813.0,172029.0,198635.0,3087.0,10899.0,0.0,1350450.0,1350448.0
2015,4,2,150.0,6513.0,14484.0,4106.0,1313.0,390.0,1.0,0.0,26471.0,26957.0
2015,4,3,1940.0,9593.0,46771.0,18608.0,10092.0,1136.0,159.0,0.0,86553.0,88299.0
2015,4,4,6250.0,5774.0,71881.0,1680.0,0.0,0.0,0.0,0.0,78448.0,85585.0
2015,4,5,1480.0,63746.0,427471.0,62989.0,67151.0,3336.0,1088.0,0.0,625929.0,627261.0
2015,4,6,290.0,11248.0,48104.0,17877.0,7569.0,4560.0,150.0,0.0,85433.0,89798.0
2015,4,7,2865.0,18883.0,104224.0,33989.0,13668.0,3990.0,163.0,0.0,174191.0,177782.0
2015,4,8,1791.0,6081.0,14279.0,2704.0,2713.0,5190.0,4.0,0.0,28091.0,32762.0
2015,4,9,2551.0,8876.0,21867.0,5044.0,1587.0,0.0,0.0,0.0,39925.0,39925.0
2015,4,10,5920.0,12951.0,48798.0,160.0,630.0,490.0,10.0,0.0,62479.0,68959.0
2015,4,11,100.0,3638.0,9127.0,2937.0,1215.0,20.0,3.0,0.0,16932.0,17040.0
2015,4,12,2410.0,230.0,174719.0,380.0,410.0,50.0,13.0,0.0,175080.0,178212.0
2015,4,13,9590.0,9169.0,51029.0,17281.0,1369.0,6750.0,52.0,0.0,92855.0,95240.0
2015,4,14,1727.0,2061.0,89678.0,4550.0,7934.0,90.0,175.0,0.0,102039.0,106215.0
2015,4,15,3282.0,4473.0,89062.0,2010.0,4024.0,50.0,75.0,0.0,101122.0,102976.0
2015,4,16,1122.0,11387.0,65677.0,17139.0,6507.0,990.0,5.0,0.0,101936.0,102827.0
2015,4,17,90.0,3860.0,55761.0,0.0,0.0,0.0,2.0,0.0,56158.0,59713.0
2015,4,18,80.0,40.0,13473.0,0.0,0.0,10.0,2.0,0.0,13488.0,13605.0
2015,4,19,1880.0,260.0,32338.0,30.0,0.0,0.0,0.0,0.0,32555.0,34508.0
2015,4,20,6659.0,7577.0,361264.0,60985.0,51258.0,3079.0,1189.0,0.0,560204.0,492011.0
2015,4,21,7030.0,7836.0,23074.0,5669.0,1856.0,0.0,0.0,0.0,39138.0,45465.0
2015,4,22,160.0,2850.0,32662.0,0.0,0.0,0.0,0.0,0.0,32963.0,35672.0
2015,4,23,1070.0,218.0,83887.0,29942.0,9507.0,8370.0,0.0,0.0,146080.0,132994.0
2015,3,0,8361.0,107351.0,2266948.0,262564.0,200491.0,2642.0,7720.0,0.0,2856078.0,2856077.0
2015,3,1,2448.0,4934.0,942525.0,159618.0,175594.0,2028.0,10022.0,0.0,1341574.0,1297169.0
2015,3,2,150.0,6871.0,14206.0,4143.0,8120.0,430.0,1.0,0.0,26091.0,33921.0
2015,3,3,2400.0,10353.0,47131.0,19016.0,7498.0,9790.0,157.0,0.0,85374.0,96345.0
2015,3,4,6410.0,5886.0,71668.0,1670.0,0.0,0.0,0.0,0.0,78362.0,85634.0
2015,3,5,1500.0,68765.0,429787.0,61109.0,59372.0,2582.0,1048.0,0.0,622813.0,624163.0
2015,3,6,330.0,11921.0,48127.0,18168.0,6111.0,4530.0,146.0,0.0,84959.0,89333.0
2015,3,7,2863.0,20385.0,103990.0,34788.0,9924.0,3840.0,153.0,0.0,172487.0,175943.0
2015,3,8,1862.0,6521.0,14354.0,2791.0,1842.0,3790.0,2.0,0.0,27751.0,31162.0
2015,3,9,2549.0,9278.0,21588.0,5169.0,9660.0,0.0,0.0,0.0,39550.0,48244.0
2015,3,10,6130.0,13087.0,47660.0,90.0,550.0,390.0,10.0,0.0,61473.0,67917.0
2015,3,11,100.0,384.0,9102.0,2984.0,8320.0,0.0,3.0,0.0,16771.0,20893.0
2015,3,12,2560.0,250.0,173430.0,450.0,180.0,50.0,13.0,0.0,173792.0,176933.0
2015,3,13,9580.0,9809.0,51234.0,17367.0,11654.0,5590.0,43.0,0.0,91624.0,105277.0
2015,3,14,1733.0,2124.0,85044.0,2100.0,6599.0,20.0,155.0,0.0,95867.0,97775.0
2015,3,15,3372.0,4457.0,88691.0,990.0,3826.0,10.0,62.0,0.0,100508.0,101408.0
2015,3,16,1126.0,12223.0,65405.0,17451.0,4318.0,610.0,5.0,0.0,100589.0,101138.0
2015,3,17,90.0,3910.0,54963.0,0.0,0.0,0.0,2.0,0.0,55365.0,58965.0
2015,3,18,90.0,40.0,13286.0,0.0,0.0,10.0,2.0,0.0,13302.0,13428.0
2015,3,19,1900.0,250.0,32266.0,20.0,0.0,0.0,0.0,0.0,32483.0,34436.0
2015,3,20,6767.0,80817.0,363177.0,59531.0,42021.0,232.0,1133.0,0.0,555766.0,553678.0
2015,3,21,7030.0,8332.0,23158.0,5956.0,1249.0,0.0,0.0,0.0,39398.0,45725.0
2015,3,22,150.0,2850.0,36408.0,20.0,0.0,0.0,0.0,0.0,36710.0,39428.0
2015,3,23,1070.0,23687.0,83654.0,29998.0,6232.0,6230.0,0.0,0.0,144301.0,150871.0
2015,2,0,8714.0,137189.0,2299705.0,243503.0,159922.0,201.0,6712.0,0.0,2857754.0,2855946.0
2015,2,1,2493.0,51799.0,990112.0,148569.0,142976.0,1482.0,9258.0,0.0,1346690.0,1346689.0
2015,2,2,150.0,7253.0,14003.0,3776.0,5930.0,370.0,1.0,0.0,25678.0,31483.0
2015,2,3,2880.0,11058.0,47551.0,17675.0,6337.0,7880.0,149.0,0.0,83846.0,93530.0
2015,2,4,6560.0,6032.0,55791.0,1680.0,0.0,0.0,0.0,0.0,62647.0,70063.0
2015,2,5,1560.0,72695.0,434717.0,54993.0,46415.0,1956.0,903.0,0.0,611835.0,613239.0
2015,2,6,340.0,12542.0,48015.0,17184.0,5039.0,3790.0,126.0,0.0,83319.0,87036.0
2015,2,7,2864.0,21986.0,104043.0,32293.0,7867.0,3540.0,136.0,0.0,169543.0,172729.0
2015,2,8,1881.0,6907.0,14247.0,2436.0,1324.0,2570.0,1.0,0.0,27053.0,29366.0
2015,2,9,2479.0,9474.0,20248.0,4792.0,7300.0,0.0,0.0,0.0,37723.0,44293.0
2015,2,10,5737.0,8182.0,46235.0,270.0,240.0,250.0,10.0,0.0,60240.0,60924.0
2015,2,11,100.0,4082.0,9093.0,268.0,6410.0,0.0,3.0,0.0,16509.0,19956.0
2015,2,12,2680.0,260.0,170451.0,420.0,160.0,50.0,13.0,0.0,170821.0,174034.0
2015,2,13,9580.0,1036.0,51671.0,15022.0,10072.0,4080.0,33.0,0.0,88524.0,91494.0
2015,2,14,1755.0,2348.0,82727.0,2140.0,5168.0,20.0,110.0,0.0,92324.0,94268.0
2015,2,15,3413.0,4525.0,87362.0,970.0,324.0,10.0,51.0,0.0,98689.0,96655.0
2015,2,16,1123.0,1302.0,64737.0,16241.0,3114.0,290.0,5.0,0.0,98269.0,86812.0
2015,2,17,80.0,4100.0,51568.0,0.0,0.0,0.0,2.0,0.0,51988.0,55750.0
2015,2,18,90.0,40.0,13204.0,0.0,0.0,10.0,2.0,0.0,13220.0,13346.0
2015,2,19,2100.0,250.0,25519.0,20.0,0.0,0.0,0.0,0.0,25756.0,27889.0
2015,2,20,6827.0,86016.0,364441.0,53205.0,33894.0,1856.0,1014.0,0.0,547253.0,547253.0
2015,2,21,7030.0,8779.0,23456.0,5553.0,8880.0,0.0,0.0,0.0,39379.0,53698.0
2015,2,22,150.0,2850.0,36073.0,20.0,0.0,0.0,0.0,0.0,36375.0,39093.0
2015,2,23,1070.0,25178.0,83462.0,26966.0,4502.0,4550.0,0.0,0.0,140670.0,145728.0
2015,1,0,8882.0,123589.0,2267852.0,22007.0,126958.0,1561.0,5700.0,0.0,2754612.0,2556549.0
2015,1,1,2545.0,59084.0,1013510.0,134151.0,114569.0,1195.0,8401.0,0.0,1333455.0,1333455.0
2015,1,2,130.0,7634.0,13754.0,3202.0,5170.0,90.0,1.0,0.0,25130.0,29981.0
2015,1,3,260.0,12053.0,47425.0,15883.0,5346.0,4890.0,135.0,0.0,81357.0,85992.0
2015,1,4,6510.0,6176.0,57333.0,1020.0,0.0,0.0,0.0,0.0,64262.0,71039.0
2015,1,5,1570.0,78427.0,432802.0,46574.0,37443.0,1615.0,815.0,0.0,597833.0,599246.0
2015,1,6,360.0,13295.0,47842.0,15554.0,4424.0,2350.0,98.0,0.0,81484.0,83923.0
2015,1,7,2867.0,23951.0,104168.0,28113.0,6926.0,2740.0,119.0,0.0,166418.0,168884.0
2015,1,8,1891.0,7336.0,14413.0,2024.0,8780.0,1570.0,1.0,0.0,26700.0,36015.0
2015,1,9,2458.0,9754.0,19858.0,3939.0,6030.0,0.0,0.0,0.0,36612.0,42039.0
2015,1,10,6059.0,8054.0,45038.0,260.0,100.0,130.0,10.0,0.0,59210.0,59651.0
2015,1,11,110.0,4201.0,9379.0,2207.0,5330.0,0.0,3.0,0.0,16334.0,21230.0
2015,1,12,2870.0,240.0,169763.0,380.0,160.0,60.0,11.0,0.0,170145.0,173484.0
2015,1,13,9580.0,11136.0,51906.0,12387.0,8543.0,1940.0,26.0,0.0,85150.0,95518.0
2015,1,14,1895.0,2577.0,80787.0,1700.0,4067.0,20.0,76.0,0.0,89574.0,91122.0
2015,1,15,3371.0,4913.0,86173.0,940.0,2632.0,20.0,42.0,0.0,97227.0,98091.0
2015,1,16,1123.0,14151.0,64992.0,13955.0,2569.0,150.0,5.0,0.0,96810.0,96945.0
2015,1,17,80.0,4450.0,51346.0,0.0,0.0,0.0,2.0,0.0,51801.0,55878.0
2015,1,18,100.0,80.0,12720.0,0.0,10.0,0.0,2.0,0.0,12741.0,12912.0
2015,1,19,2050.0,270.0,26048.0,20.0,0.0,0.0,0.0,0.0,26282.0,28388.0
2015,1,20,6883.0,93096.0,360964.0,4527.0,27597.0,1542.0,900.0,0.0,536252.0,495509.0
2015,1,21,7010.0,9236.0,23136.0,4796.0,7480.0,0.0,0.0,0.0,38617.0,51658.0
2015,1,22,140.0,6090.0,36319.0,20.0,0.0,0.0,0.0,0.0,36944.0,42569.0
2015,1,23,1070.0,27143.0,83895.0,23061.0,3722.0,3340.0,0.0,0.0,138262.0,142231.0
2014,4,0,8226.0,132937.0,2250445.0,20362.0,104322.0,9970.0,5406.0,0.0,2705954.0,2531668.0
2014,4,1,2698.0,62896.0,1038269.0,123451.0,95772.0,8900.0,7997.0,0.0,1331972.0,1339983.0
2014,4,2,210.0,8047.0,14093.0,291.0,4210.0,0.0,1.0,0.0,25493.0,26852.0
2014,4,3,4830.0,12837.0,42106.0,7908.0,26.0,1240.0,2.0,0.0,66060.0,68949.0
2014,4,4,1858.0,6218.0,60392.0,700.0,0.0,0.0,0.0,0.0,68538.0,69168.0
2014,4,5,1903.0,85362.0,427844.0,41947.0,30858.0,1177.0,782.0,0.0,589873.0,589873.0
2014,4,6,400.0,1386.0,42182.0,7513.0,2106.0,0.0,9.0,0.0,65710.0,53596.0
2014,4,7,2311.0,27801.0,88649.0,18318.0,3584.0,10.0,66.0,0.0,140730.0,140739.0
2014,4,8,1947.0,783.0,14058.0,1852.0,4730.0,470.0,1.0,0.0,26208.0,23841.0
2014,4,9,188.0,10427.0,19740.0,3443.0,4650.0,0.0,0.0,0.0,35955.0,38448.0
2014,4,10,6266.0,6879.0,36520.0,260.0,50.0,40.0,10.0,0.0,49710.0,50025.0
2014,4,11,90.0,4333.0,9728.0,1943.0,3860.0,0.0,3.0,0.0,16402.0,19957.0
2014,4,12,3030.0,190.0,169222.0,360.0,140.0,50.0,12.0,0.0,169611.0,173004.0
2014,4,13,5470.0,1184.0,53093.0,8731.0,2952.0,540.0,12.0,0.0,77229.0,71982.0
2014,4,14,1731.0,2744.0,80938.0,1260.0,3621.0,20.0,66.0,0.0,89228.0,90380.0
2014,4,15,364.0,4723.0,85094.0,940.0,2319.0,40.0,30.0,0.0,95904.0,93510.0
2014,4,16,540.0,16214.0,63221.0,12552.0,1922.0,0.0,4.0,0.0,93967.0,94453.0
2014,4,17,110.0,4780.0,51628.0,0.0,0.0,0.0,2.0,0.0,52119.0,56520.0
2014,4,18,90.0,0.0,13135.0,0.0,0.0,10.0,2.0,0.0,13147.0,13237.0
2014,4,19,1560.0,14.0,24145.0,10.0,10.0,0.0,0.0,0.0,25703.0,25739.0
2014,4,20,8707.0,99962.0,359293.0,36718.0,21098.0,8690.0,824.0,0.0,527471.0,535292.0
2014,4,21,1246.0,8913.0,24181.0,4359.0,6020.0,0.0,0.0,0.0,39301.0,44719.0
2014,4,22,120.0,2830.0,31489.0,20.0,0.0,0.0,0.0,0.0,31786.0,34459.0
2014,4,23,170.0,28746.0,85091.0,20631.0,2733.0,1960.0,0.0,0.0,137414.0,139331.0
2014,3,0,7355.0,128187.0,2281524.0,156693.0,68947.0,2430.0,4232.0,0.0,2647181.0,2649368.0
2014,3,1,8400.0,78016.0,1060145.0,10217.0,70907.0,950.0,6626.0,0.0,1318799.0,1235261.0
2014,3,2,190.0,8845.0,13790.0,1915.0,1110.0,0.0,0.0,0.0,24680.0,25850.0
2014,3,3,3980.0,14731.0,41934.0,5428.0,1274.0,50.0,0.0,0.0,63770.0,67397.0
2014,3,4,2013.0,6281.0,60771.0,340.0,0.0,0.0,0.0,0.0,69099.0,69405.0
2014,3,5,6600.0,98992.0,435692.0,28992.0,18888.0,840.0,664.0,0.0,583972.0,590668.0
2014,3,6,210.0,15448.0,41717.0,5181.0,1172.0,0.0,0.0,0.0,63539.0,63728.0
2014,3,7,1709.0,2971.0,91450.0,12569.0,131.0,0.0,48.0,0.0,136796.0,108878.0
2014,3,8,2001.0,8323.0,14202.0,1324.0,850.0,0.0,0.0,0.0,25935.0,26700.0
2014,3,9,1270.0,10979.0,20216.0,2305.0,820.0,0.0,0.0,0.0,33709.0,35590.0
2014,3,10,6458.0,6645.0,41009.0,240.0,50.0,40.0,10.0,0.0,54155.0,54452.0
2014,3,11,100.0,4785.0,9720.0,1337.0,610.0,0.0,0.0,0.0,15913.0,16552.0
2014,3,12,350.0,0.0,167763.0,310.0,120.0,130.0,1.0,0.0,167855.0,168674.0
2014,3,13,6400.0,13637.0,53510.0,5928.0,1606.0,0.0,1.0,0.0,75322.0,81082.0
2014,3,14,1522.0,3099.0,80090.0,1070.0,2865.0,100.0,27.0,0.0,87720.0,88773.0
2014,3,15,364.0,5189.0,86868.0,870.0,1944.0,80.0,9.0,0.0,97745.0,95324.0
2014,3,16,7320.0,17481.0,66026.0,8314.0,3880.0,0.0,0.0,0.0,92941.0,103021.0
2014,3,17,80.0,4870.0,51276.0,0.0,0.0,0.0,0.0,0.0,51771.0,56226.0
2014,3,18,80.0,0.0,13029.0,0.0,0.0,30.0,0.0,0.0,13040.0,13139.0
2014,3,19,1950.0,1624.0,24248.0,10.0,10.0,0.0,0.0,0.0,26069.0,27842.0
2014,3,20,823.0,112593.0,357615.0,23962.0,12124.0,380.0,806.0,0.0,515368.0,508303.0
2014,3,21,7910.0,9914.0,23826.0,2867.0,1420.0,0.0,0.0,0.0,37540.0,45937.0
2014,3,22,120.0,3360.0,32348.0,20.0,0.0,0.0,0.0,0.0,32698.0,35848.0
2014,3,23,60.0,32716.0,84668.0,14101.0,5590.0,40.0,0.0,0.0,132054.0,137175.0
2014,2,0,6902.0,162274.0,2288772.0,140226.0,56549.0,2840.0,4309.0,0.0,2659316.0,2661872.0
2014,2,1,8470.0,81431.0,1078213.0,87359.0,56004.0,590.0,6427.0,0.0,1310340.0,1318494.0
2014,2,2,190.0,8844.0,13794.0,1915.0,1110.0,0.0,0.0,0.0,24683.0,25853.0
2014,2,3,4120.0,14854.0,41530.0,5418.0,1085.0,50.0,0.0,0.0,63304.0,67057.0
2014,2,4,2064.0,6582.0,61868.0,0.0,0.0,0.0,0.0,0.0,70514.0,70514.0
2014,2,5,2105.0,101598.0,429536.0,28698.0,14824.0,760.0,627.0,0.0,577464.0,578148.0
2014,2,6,200.0,15563.0,41219.0,5199.0,9560.0,0.0,0.0,0.0,62957.0,71741.0
2014,2,7,2187.0,32781.0,86757.0,12564.0,1162.0,0.0,44.0,0.0,135495.0,135495.0
2014,2,8,2032.0,8218.0,13944.0,1321.0,850.0,0.0,0.0,0.0,25600.0,26365.0
2014,2,9,1873.0,11233.0,18851.0,2305.0,820.0,0.0,0.0,0.0,34344.0,35082.0
2014,2,10,7032.0,6761.0,34089.0,180.0,50.0,40.0,10.0,0.0,47919.0,48162.0
2014,2,11,100.0,4785.0,9719.0,1337.0,610.0,0.0,0.0,0.0,15912.0,16551.0
2014,2,12,350.0,60.0,166710.0,310.0,100.0,50.0,10.0,0.0,166807.0,167590.0
2014,2,13,5400.0,13644.0,53245.0,5924.0,1334.0,20.0,0.0,0.0,74689.0,79567.0
2014,2,14,1531.0,3206.0,79087.0,920.0,2289.0,20.0,30.0,0.0,86237.0,87083.0
2014,2,15,3468.0,5507.0,84978.0,780.0,1569.0,20.0,8.0,0.0,95610.0,96330.0
2014,2,16,530.0,18818.0,64440.0,8293.0,3880.0,0.0,0.0,0.0,91992.0,95961.0
2014,2,17,100.0,5070.0,51129.0,0.0,0.0,0.0,0.0,0.0,51646.0,56299.0
2014,2,18,70.0,0.0,13045.0,0.0,0.0,10.0,2.0,0.0,13055.0,13127.0
2014,2,19,1530.0,1637.0,25374.0,20.0,0.0,0.0,0.0,0.0,27166.0,28561.0
2014,2,20,8515.0,115197.0,353559.0,23939.0,10058.0,340.0,792.0,0.0,512094.0,512400.0
2014,2,21,1231.0,9914.0,23842.0,2867.0,1420.0,0.0,0.0,0.0,37996.0,39274.0
2014,2,22,120.0,3340.0,31198.0,20.0,0.0,0.0,0.0,0.0,31546.0,34678.0
2014,2,23,60.0,32714.0,84675.0,14101.0,5590.0,40.0,0.0,0.0,132059.0,137180.0
2014,1,0,8469.0,171244.0,2279875.0,121787.0,38923.0,2060.0,4037.0,0.0,2624542.0,2626395.0
2014,1,1,8520.0,88826.0,1096050.0,70293.0,38798.0,550.0,6208.0,0.0,1301081.0,1309245.0
2014,1,2,190.0,9147.0,13330.0,1672.0,640.0,0.0,0.0,0.0,24232.0,24979.0
2014,1,3,4380.0,15849.0,40869.0,4644.0,7410.0,50.0,0.0,0.0,62546.0,73202.0
2014,1,4,7452.0,100.0,61329.0,0.0,0.0,0.0,0.0,0.0,68791.0,68881.0
2014,1,5,2076.0,107705.0,423114.0,24112.0,9818.0,400.0,588.0,0.0,567453.0,567813.0
2014,1,6,200.0,16357.0,40742.0,4486.0,6300.0,0.0,0.0,0.0,62235.0,68085.0
2014,1,7,2177.0,35206.0,85248.0,10828.0,7460.0,0.0,43.0,0.0,134248.0,140962.0
2014,1,8,2062.0,8475.0,13685.0,1133.0,670.0,0.0,0.0,0.0,25422.0,26025.0
2014,1,9,1832.0,11498.0,18415.0,2002.0,560.0,0.0,0.0,0.0,33803.0,34307.0
2014,1,10,7434.0,6535.0,32501.0,170.0,50.0,40.0,10.0,0.0,46506.0,46740.0
2014,1,11,100.0,5111.0,9390.0,1165.0,350.0,0.0,0.0,0.0,15711.0,16116.0
2014,1,12,350.0,60.0,166655.0,190.0,100.0,60.0,9.0,0.0,166740.0,167424.0
2014,1,13,5450.0,1446.0,52852.0,5139.0,9580.0,0.0,0.0,0.0,73954.0,74467.0
2014,1,14,4133.0,9870.0,77148.0,840.0,1582.0,20.0,22.0,0.0,83958.0,93615.0
2014,1,15,467.0,4618.0,84304.0,730.0,1062.0,10.0,8.0,0.0,94736.0,91199.0
2014,1,16,530.0,19677.0,64061.0,7192.0,3140.0,0.0,0.0,0.0,91297.0,94600.0
2014,1,17,5310.0,20.0,51056.0,0.0,0.0,0.0,0.0,0.0,51589.0,56386.0
2014,1,18,70.0,30.0,12544.0,0.0,10.0,0.0,2.0,0.0,12557.0,12656.0
2014,1,19,1610.0,1625.0,24972.0,10.0,10.0,0.0,0.0,0.0,26760.0,28227.0
2014,1,20,8456.0,124468.0,345225.0,20328.0,6845.0,230.0,668.0,0.0,506013.0,506220.0
2014,1,21,1234.0,10531.0,22817.0,2422.0,1090.0,0.0,0.0,0.0,37113.0,38094.0
2014,1,22,120.0,6070.0,30902.0,60.0,0.0,0.0,0.0,0.0,31527.0,37152.0
2014,1,23,60.0,34672.0,83210.0,11779.0,3620.0,30.0,0.0,0.0,130032.0,133371.0
