id_Provincia,id_Partido,id_Localidad
0,415,1
0,4,3
0,27,4
0,320,5
0,220,7
0,3,8
0,413,12
0,134,15
0,4,16
0,222,24
0,274,25
0,366,31
0,300,34
0,7,41
0,12,43
0,136,45
0,219,58
0,212,60
0,3,62
0,212,63
0,236,69
0,11,70
0,220,94
0,379,96
0,83,97
0,4,100
0,45,113
0,68,119
0,319,130
0,351,131
0,332,145
0,120,153
0,222,157
0,245,176
0,109,178
0,222,183
0,120,189
0,260,192
0,25,193
0,244,195
0,243,196
0,435,199
0,27,201
0,22,208
0,155,209
0,349,217
0,354,218
0,188,225
0,135,228
0,222,232
0,44,233
0,155,234
0,257,240
0,261,243
0,25,247
0,26,251
0,356,253
0,320,254
0,27,255
0,29,266
0,295,269
0,178,270
0,113,275
0,30,277
0,212,292
0,109,293
0,414,295
0,113,296
0,361,297
0,276,298
0,179,305
0,246,306
0,32,307
0,37,311
0,315,324
0,39,328
0,83,330
0,173,346
0,173,355
0,39,356
0,222,357
0,173,358
0,173,361
0,45,366
0,222,369
0,83,372
0,222,383
0,161,395
0,173,401
0,252,412
0,45,413
0,222,414
0,334,415
0,222,416
0,89,419
0,45,421
0,68,427
0,306,446
0,176,447
0,45,448
0,175,464
0,170,466
0,441,467
0,89,469
0,173,475
0,264,477
0,39,483
0,173,504
0,243,506
0,366,511
0,132,512
0,373,516
0,73,517
0,404,520
0,95,522
0,37,523
0,38,527
0,38,528
0,354,529
0,39,530
0,243,533
0,323,535
0,323,536
0,413,542
0,176,547
0,288,548
0,144,551
0,351,551
0,299,553
0,320,556
0,143,557
0,366,558
0,44,563
0,12,572
0,29,589
0,27,592
0,73,597
0,173,611
0,261,612
0,68,616
0,373,621
0,374,634
0,45,635
0,134,642
0,136,642
0,135,654
0,297,658
0,72,663
0,431,668
0,295,671
0,6,672
0,309,673
0,335,674
0,73,675
0,252,676
0,4,677
0,243,679
0,136,680
0,74,681
0,38,682
0,75,684
0,295,685
0,304,704
0,188,707
0,112,708
0,415,709
0,280,716
0,78,718
0,85,719
0,351,733
0,179,740
0,83,749
0,152,755
0,38,757
0,78,759
0,78,772
0,85,777
0,165,779
0,68,780
0,173,787
0,89,797
0,409,798
0,297,813
0,27,818
0,95,821
0,415,838
0,222,849
0,176,851
0,220,852
0,176,853
0,415,854
0,415,855
0,283,858
0,414,859
0,12,861
0,306,866
0,45,867
0,252,868
0,288,922
0,73,936
0,288,940
0,435,951
0,349,955
0,288,956
0,6,957
0,172,959
0,74,964
0,100,980
0,152,984
0,44,986
0,374,995
0,414,1004
0,232,1015
0,45,1017
0,179,1018
0,109,1020
0,243,1026
0,111,1030
0,11,1032
0,112,1033
0,261,1034
0,252,1042
0,283,1046
0,175,1055
0,441,1056
0,306,1057
0,222,1058
0,252,1059
0,435,1062
0,399,1067
0,25,1069
0,279,1080
0,356,1084
0,112,1088
0,74,1089
0,112,1097
0,120,1099
0,320,1103
0,299,1105
0,398,1106
0,7,1107
0,351,1109
0,3,1110
0,209,1111
0,306,1111
0,6,1113
0,398,1121
0,135,1128
0,404,1134
0,130,1135
0,25,1139
0,124,1142
0,379,1144
0,323,1145
0,12,1148
0,404,1149
0,404,1150
0,4,1161
0,349,1162
0,358,1163
0,414,1165
0,100,1187
0,111,1235
0,236,1236
0,134,1257
0,415,1260
0,173,1265
0,280,1279
0,325,1284
0,111,1286
0,109,1288
0,135,1309
0,222,1310
0,404,1327
0,232,1331
0,243,1332
0,143,1333
0,132,1347
0,245,1353
0,95,1358
0,179,1359
0,283,1363
0,130,1366
0,3,1368
0,374,1369
0,441,1370
0,6,1372
0,349,1372
0,288,1374
0,222,1377
0,173,1380
0,155,1384
0,173,1389
0,143,1413
0,6,1415
0,320,1417
0,323,1428
0,323,1429
0,109,1440
0,320,1446
0,155,1450
0,143,1457
0,144,1458
0,431,1459
0,431,1460
0,300,1463
0,236,1466
0,332,1472
0,212,1476
0,279,1480
0,297,1481
0,356,1483
0,261,1485
0,306,1494
0,354,1498
0,398,1505
0,188,1509
0,132,1513
0,153,1518
0,155,1519
0,156,1522
0,408,1526
0,29,1527
0,158,1534
0,164,1536
0,161,1538
0,162,1539
0,164,1541
0,165,1542
0,257,1545
0,44,1548
0,404,1549
0,172,1553
0,261,1554
0,393,1558
0,175,1560
0,374,1561
0,179,1565
0,25,1566
0,229,1566
0,172,1567
0,413,1570
0,12,1571
0,375,1573
0,143,1581
0,83,1586
0,3,1587
0,268,1590
0,220,1592
0,332,1593
0,156,1594
0,95,1595
0,268,1597
0,349,1599
0,260,1604
0,220,1607
0,29,1608
0,188,1616
0,315,1631
0,300,1633
0,38,1634
0,172,1635
0,45,1637
0,280,1640
0,43,1641
0,194,1647
0,194,1655
0,435,1658
0,288,1659
0,73,1667
0,112,1673
0,198,1685
0,222,1694
0,111,1698
0,260,1700
0,143,1709
0,132,1712
0,375,1714
0,260,1716
0,416,1717
0,29,1718
0,297,1724
0,354,1730
0,44,1731
0,109,1733
0,32,1735
0,220,1739
0,130,1740
0,207,1748
0,207,1749
0,45,1764
0,222,1766
0,268,1770
0,222,1771
0,415,1772
0,222,1773
0,12,1774
0,295,1776
0,209,1777
0,282,1778
0,136,1779
0,252,1780
0,295,1785
0,300,1786
0,300,1787
0,236,1790
0,435,1791
0,7,1792
0,43,1793
0,297,1797
0,38,1799
0,283,1800
0,212,1808
0,155,1832
0,261,1834
0,4,1836
0,261,1839
0,334,1842
0,261,1851
0,143,1853
0,413,1858
0,164,1867
0,162,1874
0,26,1876
0,222,1884
0,178,1886
0,374,1892
0,354,1911
0,120,1916
0,44,1919
0,306,1924
0,431,1925
0,72,1926
0,120,1929
0,6,1941
0,222,1952
0,222,1959
0,279,1972
0,95,1975
0,73,1984
0,220,1985
0,155,1992
0,136,1993
0,300,1997
0,158,1999
0,188,2008
0,89,2017
0,245,2019
0,229,2029
0,229,2030
0,212,2032
0,230,2033
0,111,2037
0,258,2041
0,325,2044
0,334,2053
0,349,2068
0,232,2070
0,282,2091
0,162,2092
0,319,2113
0,219,2119
0,243,2120
0,236,2131
0,252,2136
0,269,2138
0,244,2141
0,441,2143
0,414,2145
0,243,2146
0,222,2147
0,246,2150
0,244,2152
0,245,2153
0,415,2158
0,132,2159
0,170,2159
0,246,2161
0,220,2162
0,222,2163
0,68,2165
0,12,2168
0,85,2177
0,306,2186
0,135,2190
0,222,2213
0,334,2215
0,257,2230
0,30,2236
0,260,2238
0,39,2255
0,178,2258
0,404,2259
0,164,2269
0,3,2274
0,219,2275
0,134,2281
0,252,2283
0,162,2290
0,37,2292
0,320,2294
0,297,2307
0,257,2308
0,258,2312
0,12,2323
0,260,2323
0,222,2328
0,4,2329
0,89,2331
0,300,2332
0,306,2333
0,306,2335
0,132,2337
0,306,2338
0,433,2341
0,261,2342
0,433,2343
0,219,2344
0,261,2345
0,173,2346
0,152,2347
0,4,2350
0,264,2352
0,269,2356
0,300,2357
0,300,2359
0,43,2362
0,415,2364
0,366,2366
0,398,2369
0,179,2375
0,132,2377
0,73,2381
0,435,2383
0,6,2385
0,11,2389
0,44,2390
0,152,2391
0,268,2402
0,269,2403
0,414,2410
0,12,2423
0,332,2424
0,152,2426
0,73,2435
0,297,2443
0,229,2448
0,134,2451
0,276,2452
0,95,2471
0,4,2473
0,279,2474
0,280,2475
0,212,2477
0,431,2481
0,373,2485
0,44,2487
0,83,2488
0,435,2490
0,30,2497
0,282,2504
0,283,2507
0,283,2511
0,3,2519
0,404,2520
0,4,2521
0,297,2534
0,85,2541
0,375,2545
0,361,2546
0,44,2555
0,288,2556
0,45,2558
0,252,2561
0,431,2563
0,252,2568
0,73,2570
0,414,2572
0,109,2573
0,309,2576
0,415,2587
0,113,2592
0,135,2628
0,135,2630
0,212,2633
0,109,2635
0,232,2641
0,112,2647
0,279,2650
0,243,2660
0,4,2665
0,43,2666
0,165,2668
0,100,2671
0,3,2673
0,435,2675
0,297,2677
0,299,2678
0,38,2681
0,300,2682
0,179,2694
0,179,2701
0,244,2702
0,349,2703
0,304,2704
0,306,2706
0,309,2710
0,25,2714
0,300,2715
0,319,2716
0,43,2722
0,11,2728
0,261,2730
0,164,2742
0,38,2745
0,222,2746
0,351,2750
0,162,2755
0,269,2756
0,144,2760
0,45,2761
0,306,2791
0,375,2805
0,75,2809
0,230,2819
0,230,2821
0,132,2849
0,113,2871
0,319,2874
0,130,2875
0,173,2876
0,320,2883
0,325,2885
0,353,2893
0,323,2898
0,323,2899
0,12,2911
0,220,2912
0,334,2914
0,325,2918
0,220,2923
0,30,2924
0,95,2926
0,283,2928
0,300,2929
0,170,2931
0,38,2933
0,328,2936
0,85,2937
0,288,2942
0,415,2948
0,229,2949
0,414,2954
0,404,2958
0,404,2966
0,222,2969
0,6,2975
0,334,2976
0,306,2977
0,257,2978
0,243,2979
0,334,2989
0,332,2993
0,335,2994
0,222,3007
0,375,3026
0,349,3036
0,415,3040
0,212,3041
0,351,3046
0,120,3047
0,409,3048
0,353,3053
0,354,3057
0,245,3062
0,45,3063
0,30,3066
0,356,3069
0,269,3071
0,358,3073
0,297,3081
0,43,3089
0,361,3090
0,219,3092
0,178,3096
0,3,3097
0,297,3098
0,364,3102
0,12,3105
0,323,3105
0,414,3108
0,320,3115
0,366,3126
0,12,3137
0,112,3140
0,220,3156
0,244,3161
0,332,3171
0,414,3172
0,373,3173
0,274,3175
0,374,3177
0,375,3181
0,109,3190
0,95,3195
0,379,3197
0,332,3202
0,261,3211
0,32,3212
0,261,3214
0,179,3215
0,375,3220
0,288,3221
0,112,3225
0,179,3229
0,83,3232
0,306,3242
0,219,3243
0,112,3244
0,258,3251
0,73,3253
0,415,3255
0,25,3259
0,100,3260
0,124,3287
0,288,3289
0,409,3293
0,173,3294
0,288,3295
0,73,3307
0,334,3310
0,26,3311
0,356,3316
0,295,3321
0,393,3325
0,332,3332
0,244,3352
0,398,3356
0,399,3359
0,220,3361
0,37,3372
0,246,3377
0,435,3379
0,6,3384
0,404,3388
0,74,3393
0,22,3401
0,222,3407
0,268,3409
0,409,3411
0,252,3414
0,209,3416
0,260,3416
0,306,3416
0,222,3425
0,413,3430
0,74,3431
0,414,3432
0,416,3438
0,409,3440
0,75,3442
0,136,3446
0,243,3447
0,413,3448
0,279,3449
0,246,3457
0,26,3463
0,43,3470
0,83,3472
0,176,3497
0,3,3501
0,229,3502
0,309,3503
0,236,3516
0,399,3517
0,319,3522
0,83,3525
0,431,3526
0,364,3528
0,257,3533
0,366,3540
0,431,3540
0,288,3544
0,32,3547
0,300,3553
0,39,3555
0,288,3556
0,306,3558
0,176,3562
0,176,3563
0,176,3571
0,29,3575
0,415,3578
0,143,3579
0,37,3581
0,374,3583
0,374,3585
0,320,3588
0,130,3591
0,246,3593
0,176,3595
0,176,3607
0,260,3610
0,39,3611
0,25,3614
0,220,3616
0,222,3626
0,222,3628
0,38,3630
0,374,3631
0,356,3632
0,29,3633
0,246,3636
0,172,3639
0,222,3641
0,176,3642
0,113,3643
0,176,3645
0,4,3646
0,176,3648
0,176,3649
0,325,3655
0,433,3656
0,207,3661
0,176,3662
0,176,3663
0,176,3664
0,11,3665
0,39,3671
0,320,3672
0,176,3674
0,176,3675
0,112,3679
0,323,3681
0,288,3686
0,30,3690
0,176,3695
0,220,3706
0,176,3707
0,43,3708
0,358,3709
0,176,3711
0,100,3714
0,334,3714
0,6,3716
0,176,3719
0,431,3720
0,11,3721
0,282,3728
0,222,3729
0,39,3732
0,11,3737
0,334,3741
0,89,3742
0,176,3743
0,176,3744
0,222,3746
0,39,3752
0,39,3753
0,415,3757
0,325,3758
0,374,3763
0,408,3764
0,414,3765
0,306,3766
0,172,3768
0,356,3770
0,179,3775
0,176,3779
0,39,3780
0,300,3785
0,143,3789
0,143,3797
0,198,3798
0,280,3800
0,179,3801
0,409,3803
0,143,3818
0,409,3819
0,176,3822
0,39,3823
0,113,3836
0,295,3846
0,170,3847
0,164,3848
0,220,3853
0,364,3854
0,261,3858
0,22,3859
0,7,3862
0,44,3865
0,25,3871
0,198,3873
0,6,3894
0,178,3899
0,306,3900
0,274,3902
0,134,3903
0,441,3904
0,222,3905
1,61,19
1,51,20
1,49,258
1,50,259
1,59,260
1,50,262
1,51,263
1,52,576
1,61,578
1,58,580
1,59,581
1,47,583
1,53,1430
1,56,1431
1,55,1826
1,55,2295
1,47,2297
1,56,2298
1,50,2491
1,59,2492
1,60,2578
1,55,2580
1,53,2581
1,61,2582
1,50,2583
1,61,2584
1,47,2586
1,48,2906
1,47,2907
1,58,3030
1,49,3031
1,47,3033
1,47,3034
1,56,3479
1,56,3480
1,61,3481
1,57,3482
1,57,3483
1,57,3484
1,54,3485
1,56,3486
1,61,3488
1,58,3489
1,56,3490
1,54,3491
1,57,3492
1,54,3493
1,58,3494
2,16,37
2,70,40
2,384,105
2,16,117
2,290,133
2,16,135
2,15,148
2,16,151
2,383,152
2,406,165
2,15,169
2,406,173
2,19,174
2,19,175
2,313,181
2,70,285
2,406,301
2,36,314
2,71,327
2,384,507
2,36,519
2,16,569
2,70,645
2,221,701
2,383,715
2,406,769
2,16,790
2,383,807
2,16,830
2,14,832
2,70,835
2,313,875
2,147,877
2,70,941
2,70,977
2,14,979
2,313,979
2,70,990
2,70,996
2,406,1002
2,406,1008
2,36,1036
2,406,1050
2,36,1095
2,16,1179
2,125,1183
2,221,1189
2,70,1192
2,221,1192
2,429,1192
2,14,1194
2,383,1202
2,383,1212
2,383,1231
2,221,1234
2,36,1238
2,147,1254
2,16,1261
2,313,1277
2,71,1280
2,19,1289
2,429,1292
2,16,1294
2,406,1296
2,383,1297
2,406,1297
2,221,1301
2,14,1313
2,290,1314
2,406,1315
2,221,1379
2,383,1437
2,36,1439
2,406,1451
2,383,1492
2,125,1629
2,36,1670
2,14,1675
2,429,1675
2,70,1679
2,221,1691
2,125,1699
2,36,1755
2,313,1784
2,16,1829
2,290,1838
2,15,1852
2,147,1857
2,221,1888
2,147,1897
2,221,1906
2,290,1907
2,383,1908
2,383,1922
2,15,1927
2,290,1933
2,16,1935
2,14,1960
2,36,1963
2,383,1963
2,406,1963
2,406,1967
2,147,1986
2,290,1998
2,383,2026
2,384,2057
2,14,2060
2,221,2069
2,14,2082
2,36,2082
2,290,2086
2,383,2093
2,221,2099
2,429,2117
2,384,2129
2,36,2167
2,383,2171
2,384,2175
2,70,2177
2,70,2178
2,70,2179
2,406,2182
2,14,2193
2,125,2206
2,19,2229
2,36,2229
2,14,2255
2,14,2260
2,384,2325
2,383,2392
2,406,2392
2,70,2425
2,290,2456
2,313,2484
2,406,2601
2,290,2602
2,383,2605
2,406,2609
2,429,2749
2,147,2751
2,147,2752
2,313,2754
2,429,2774
2,36,2833
2,36,2834
2,383,2877
2,406,2880
2,221,2904
2,221,2920
2,221,2945
2,313,2963
2,147,3070
2,221,3070
2,290,3070
2,71,3103
2,429,3126
2,383,3138
2,383,3139
2,147,3140
2,383,3140
2,70,3165
2,313,3173
2,70,3178
2,70,3181
2,384,3181
2,429,3213
2,383,3225
2,429,3232
2,313,3273
2,406,3273
2,313,3298
2,14,3304
2,429,3326
2,125,3362
2,406,3370
2,406,3395
2,125,3536
2,429,3611
2,147,3693
2,36,3820
2,290,3824
2,383,3884
3,201,250
3,364,316
3,1,488
3,364,493
3,201,627
3,387,664
3,400,791
3,85,792
3,146,825
3,239,845
3,3,881
3,364,893
3,1,897
3,387,914
3,238,947
3,387,978
3,12,992
3,266,1021
3,156,1043
3,400,1053
3,159,1242
3,159,1318
3,159,1319
3,266,1365
3,238,1393
3,364,1462
3,201,1470
3,159,1471
3,159,1491
3,0,1501
3,0,1525
3,239,1537
3,0,1552
3,40,1564
3,400,1645
3,2,1648
3,400,1666
3,387,1701
3,40,1743
3,2,1751
3,159,1796
3,285,1872
3,239,1891
3,157,1893
3,40,1917
3,400,1979
3,285,1987
3,157,1995
3,238,2009
3,239,2014
3,157,2031
3,4,2050
3,387,2071
3,40,2097
3,12,2209
3,3,2301
3,157,2313
3,1,2354
3,0,2405
3,159,2425
3,3,2498
3,201,2499
3,159,2535
3,239,2608
3,0,2612
3,239,2615
3,12,2616
3,239,2788
3,101,2789
3,314,2790
3,40,2838
3,40,2839
3,40,2841
3,159,2845
3,238,2861
3,364,2862
3,324,2905
3,364,2953
3,12,3020
3,370,3065
3,285,3080
3,146,3241
3,239,3282
3,12,3339
3,258,3435
3,146,3519
3,266,3552
3,370,3572
3,324,3620
3,159,3772
3,159,3870
3,159,3897
4,149,9
4,131,32
4,347,75
4,347,77
4,228,79
4,148,80
4,347,122
4,42,227
4,131,238
4,131,267
4,131,320
4,131,333
4,131,334
4,131,341
4,131,345
4,131,384
4,131,388
4,131,410
4,131,429
4,131,433
4,131,456
4,131,459
4,131,461
4,131,467
4,131,479
4,131,485
4,151,550
4,388,567
4,119,570
4,144,610
4,228,692
4,293,768
4,119,823
4,228,874
4,131,987
4,148,1007
4,119,1051
4,119,1092
4,131,1125
4,149,1133
4,347,1140
4,149,1141
4,151,1241
4,119,1252
4,119,1262
4,281,1269
4,119,1367
4,148,1375
4,347,1432
4,119,1461
4,401,1488
4,149,1499
4,402,1500
4,144,1504
4,151,1514
4,401,1574
4,119,1615
4,401,1782
4,131,1814
4,131,1815
4,131,1816
4,131,1822
4,347,2004
4,119,2005
4,119,2006
4,148,2007
4,151,2022
4,281,2109
4,119,2134
4,293,2174
4,148,2200
4,293,2654
4,228,2659
4,329,2731
4,329,2732
4,42,2848
4,42,2853
4,42,2902
4,131,2910
4,329,2937
4,42,2952
4,347,3019
4,401,3021
4,388,3264
4,228,3371
4,402,3375
4,329,3427
4,148,3443
4,148,3640
4,151,3881
5,100,0
5,341,36
5,341,39
5,100,49
5,341,71
5,422,89
5,213,98
5,263,99
5,369,103
5,403,107
5,100,108
5,341,109
5,383,111
5,422,115
5,116,127
5,369,128
5,65,138
5,355,140
5,422,146
5,383,167
5,263,200
5,369,210
5,176,212
5,176,214
5,355,221
5,65,223
5,100,235
5,213,236
5,344,239
5,176,246
5,204,247
5,422,288
5,422,289
5,369,290
5,383,385
5,383,416
5,100,444
5,318,473
5,383,486
5,116,508
5,422,513
5,213,521
5,422,525
5,341,541
5,318,545
5,383,560
5,369,565
5,341,571
5,318,587
5,346,603
5,346,604
5,263,613
5,392,614
5,383,636
5,422,637
5,410,639
5,100,643
5,116,644
5,65,649
5,410,650
5,344,651
5,346,652
5,318,653
5,263,660
5,213,688
5,346,694
5,100,697
5,318,700
5,383,710
5,383,725
5,263,726
5,410,742
5,344,743
5,204,744
5,65,745
5,345,766
5,392,766
5,417,766
5,341,782
5,344,783
5,311,786
5,318,793
5,213,796
5,176,803
5,345,808
5,422,817
5,341,833
5,417,837
5,204,839
5,392,840
5,422,847
5,100,850
5,271,856
5,346,876
5,369,880
5,403,884
5,369,888
5,263,894
5,422,899
5,422,901
5,100,905
5,263,924
5,369,925
5,344,928
5,369,929
5,369,935
5,369,948
5,369,952
5,369,958
5,369,960
5,100,967
5,369,968
5,263,969
5,100,970
5,346,973
5,369,974
5,367,998
5,204,1002
5,341,1013
5,341,1027
5,100,1036
5,263,1037
5,403,1038
5,318,1044
5,383,1045
5,346,1052
5,100,1054
5,263,1071
5,367,1072
5,116,1073
5,116,1076
5,318,1085
5,71,1096
5,403,1100
5,174,1108
5,383,1116
5,369,1123
5,204,1124
5,344,1130
5,383,1132
5,367,1154
5,100,1164
5,344,1180
5,369,1186
5,116,1198
5,271,1213
5,65,1224
5,344,1226
5,100,1233
5,65,1238
5,369,1247
5,369,1250
5,355,1253
5,100,1264
5,367,1280
5,383,1293
5,100,1296
5,367,1296
5,213,1304
5,116,1312
5,417,1313
5,417,1338
5,369,1339
5,367,1340
5,341,1349
5,65,1355
5,344,1376
5,204,1378
5,100,1391
5,174,1396
5,369,1398
5,318,1411
5,271,1412
5,176,1419
5,345,1420
5,383,1433
5,383,1434
5,369,1486
5,263,1520
5,213,1523
5,213,1528
5,403,1531
5,316,1543
5,100,1550
5,263,1559
5,116,1618
5,271,1625
5,263,1626
5,345,1639
5,403,1650
5,174,1661
5,213,1672
5,318,1677
5,174,1680
5,422,1692
5,346,1696
5,263,1725
5,263,1741
5,174,1745
5,403,1759
5,71,1762
5,100,1765
5,383,1783
5,422,1810
5,344,1821
5,116,1840
5,116,1841
5,383,1843
5,100,1850
5,383,1854
5,213,1855
5,341,1856
5,341,1859
5,316,1863
5,355,1879
5,65,1882
5,318,1884
5,65,1885
5,383,1885
5,383,1887
5,318,1896
5,71,1899
5,369,1901
5,341,1903
5,100,1905
5,116,1907
5,176,1915
5,100,1937
5,383,1940
5,176,1942
5,410,1943
5,369,1944
5,344,1945
5,367,1946
5,410,1946
5,383,1949
5,271,1953
5,176,1954
5,367,1955
5,344,1957
5,100,1960
5,344,1960
5,344,1965
5,367,1966
5,383,1968
5,345,1976
5,383,1982
5,369,1989
5,367,1991
5,422,2000
5,316,2002
5,346,2013
5,341,2038
5,341,2040
5,417,2042
5,65,2045
5,65,2051
5,355,2052
5,116,2056
5,367,2059
5,100,2064
5,344,2073
5,341,2077
5,403,2079
5,318,2080
5,346,2083
5,176,2093
5,355,2095
5,311,2097
5,403,2102
5,341,2105
5,410,2105
5,116,2108
5,355,2110
5,344,2112
5,367,2116
5,369,2122
5,369,2123
5,341,2125
5,316,2132
5,263,2135
5,367,2157
5,355,2188
5,383,2195
5,367,2196
5,100,2198
5,116,2198
5,204,2198
5,346,2198
5,213,2201
5,318,2202
5,65,2208
5,367,2212
5,345,2214
5,410,2225
5,65,2226
5,100,2227
5,367,2227
5,204,2239
5,65,2246
5,367,2249
5,263,2253
5,311,2254
5,403,2262
5,383,2268
5,176,2272
5,417,2277
5,346,2287
5,65,2288
5,367,2289
5,383,2315
5,341,2319
5,318,2321
5,100,2323
5,346,2326
5,344,2339
5,263,2351
5,369,2367
5,346,2379
5,174,2380
5,318,2384
5,116,2394
5,316,2398
5,100,2400
5,100,2408
5,383,2409
5,383,2415
5,355,2418
5,369,2426
5,263,2446
5,422,2453
5,422,2454
5,65,2458
5,383,2458
5,341,2460
5,344,2461
5,344,2465
5,422,2476
5,369,2478
5,355,2483
5,174,2512
5,263,2514
5,422,2514
5,355,2517
5,344,2544
5,213,2553
5,403,2559
5,204,2560
5,174,2566
5,346,2567
5,422,2571
5,213,2589
5,100,2594
5,403,2617
5,403,2618
5,355,2620
5,65,2644
5,422,2645
5,176,2646
5,116,2653
5,213,2658
5,341,2658
5,346,2706
5,174,2712
5,344,2718
5,369,2736
5,369,2739
5,344,2741
5,369,2758
5,383,2768
5,392,2778
5,346,2782
5,344,2804
5,422,2812
5,345,2866
5,403,2880
5,369,2886
5,367,2887
5,318,2888
5,367,2889
5,204,2897
5,383,2913
5,422,2927
5,174,2934
5,345,2938
5,346,2963
5,316,2995
5,417,3000
5,316,3010
5,100,3011
5,341,3015
5,344,3023
5,346,3025
5,403,3027
5,65,3028
5,369,3037
5,344,3042
5,263,3043
5,263,3046
5,100,3049
5,311,3054
5,100,3055
5,341,3064
5,65,3066
5,318,3074
5,422,3075
5,341,3078
5,271,3085
5,383,3091
5,318,3098
5,369,3104
5,392,3111
5,311,3116
5,355,3122
5,65,3124
5,65,3125
5,367,3130
5,316,3135
5,367,3140
5,417,3146
5,417,3148
5,355,3157
5,422,3162
5,116,3163
5,355,3165
5,383,3176
5,355,3181
5,417,3183
5,345,3185
5,204,3186
5,318,3191
5,318,3192
5,422,3196
5,355,3197
5,176,3199
5,410,3206
5,341,3207
5,100,3214
5,345,3214
5,213,3216
5,174,3222
5,318,3227
5,65,3228
5,65,3235
5,344,3238
5,346,3248
5,410,3264
5,369,3266
5,355,3268
5,345,3276
5,369,3278
5,65,3279
5,316,3285
5,116,3286
5,176,3300
5,410,3302
5,410,3305
5,383,3308
5,65,3312
5,341,3324
5,311,3345
5,318,3346
5,271,3348
5,403,3355
5,311,3357
5,318,3358
5,355,3367
5,383,3373
5,176,3386
5,383,3387
5,100,3394
5,383,3403
5,369,3413
5,271,3417
5,341,3418
5,369,3445
5,369,3450
5,116,3451
5,176,3460
5,213,3462
5,100,3468
5,383,3504
5,318,3510
5,383,3511
5,422,3524
5,341,3530
5,176,3543
5,100,3545
5,65,3546
5,65,3548
5,403,3557
5,65,3570
5,345,3584
5,318,3586
5,100,3594
5,65,3597
5,65,3598
5,65,3599
5,383,3600
5,369,3603
5,100,3606
5,355,3608
5,367,3611
5,341,3617
5,100,3619
5,65,3624
5,263,3626
5,318,3637
5,344,3638
5,65,3644
5,318,3657
5,204,3667
5,174,3669
5,383,3680
5,65,3683
5,367,3687
5,318,3688
5,383,3701
5,100,3703
5,422,3704
5,176,3721
5,176,3732
5,176,3734
5,383,3745
5,318,3747
5,100,3748
5,204,3754
5,65,3755
5,213,3760
5,316,3767
5,65,3771
5,318,3774
5,369,3781
5,383,3783
5,318,3785
5,65,3793
5,318,3795
5,341,3796
5,174,3800
5,355,3800
5,383,3804
5,417,3812
5,174,3817
5,65,3821
5,345,3826
5,311,3827
5,116,3829
5,367,3832
5,65,3835
5,383,3840
5,346,3841
5,410,3842
5,369,3843
5,341,3866
5,422,3868
5,383,3890
6,377,17
6,153,132
6,71,379
6,35,516
6,41,543
6,294,555
6,118,732
6,377,802
6,372,903
6,182,904
6,275,931
6,207,932
6,377,943
6,102,990
6,71,1040
6,234,1075
6,118,1091
6,129,1323
6,129,1362
6,133,1376
6,275,1397
6,153,1405
6,268,1447
6,386,1508
6,386,1579
6,234,1580
6,182,1598
6,372,1628
6,362,1721
6,206,1746
6,207,1747
6,170,1750
6,386,1781
6,275,1801
6,372,1882
6,71,2010
6,234,2129
6,170,2164
6,373,2170
6,268,2360
6,267,2388
6,268,2402
6,275,2434
6,275,2447
6,170,2526
6,170,2600
6,275,2626
6,275,2627
6,294,2629
6,362,2656
6,294,2657
6,377,2676
6,118,2685
6,133,2814
6,206,2917
6,71,2957
6,350,3044
6,207,3070
6,207,3083
6,71,3090
6,362,3093
6,350,3157
6,371,3160
6,373,3173
6,377,3191
6,362,3203
6,234,3220
6,102,3232
6,386,3254
6,389,3267
6,102,3337
6,294,3360
6,102,3368
6,234,3609
6,207,3736
6,41,3879
6,372,3885
6,234,3886
7,423,6
7,186,76
7,122,78
7,122,81
7,292,82
7,122,83
7,122,84
7,187,85
7,122,86
7,187,87
7,292,87
7,292,88
7,292,89
7,292,90
7,122,91
7,122,92
7,397,114
7,432,171
7,284,184
7,100,213
7,205,222
7,423,494
7,103,524
7,284,544
7,221,561
7,103,601
7,423,709
7,205,752
7,292,763
7,139,781
7,432,794
7,103,864
7,139,882
7,292,890
7,221,891
7,103,892
7,292,908
7,423,915
7,139,916
7,122,917
7,103,920
7,100,923
7,139,927
7,292,938
7,139,945
7,139,960
7,103,975
7,100,980
7,423,993
7,103,994
7,140,999
7,122,1048
7,292,1065
7,292,1070
7,122,1127
7,284,1146
7,397,1166
7,100,1199
7,140,1222
7,100,1223
7,292,1278
7,292,1290
7,292,1303
7,103,1308
7,221,1322
7,187,1364
7,122,1382
7,397,1385
7,122,1388
7,187,1392
7,186,1395
7,434,1400
7,103,1406
7,103,1407
7,103,1409
7,423,1410
7,187,1441
7,284,1442
7,139,1443
7,140,1444
7,187,1517
7,122,1518
7,378,1524
7,186,1532
7,122,1556
7,122,1557
7,187,1569
7,397,1577
7,397,1583
7,397,1585
7,186,1613
7,187,1614
7,397,1622
7,100,1642
7,292,1643
7,292,1649
7,284,1652
7,423,1654
7,100,1665
7,205,1690
7,434,1713
7,187,1732
7,434,1804
7,100,1871
7,103,1880
7,122,1914
7,221,1946
7,292,1951
7,432,2020
7,187,2036
7,397,2075
7,122,2081
7,423,2094
7,103,2117
7,292,2121
7,103,2197
7,139,2205
7,284,2273
7,423,2291
7,397,2304
7,292,2368
7,434,2438
7,432,2441
7,205,2490
7,284,2516
7,103,2529
7,140,2537
7,292,2574
7,103,2577
7,122,2636
7,292,2638
7,434,2655
7,187,2661
7,103,2672
7,221,2700
7,423,2797
7,221,2800
7,292,2801
7,292,2802
7,100,2803
7,187,2807
7,292,2808
7,100,2815
7,292,2817
7,122,2844
7,186,2856
7,103,2863
7,432,2967
7,423,2981
7,397,3001
7,292,3079
7,221,3120
7,139,3128
7,100,3140
7,141,3141
7,139,3181
7,139,3188
7,378,3193
7,141,3198
7,139,3203
7,423,3205
7,221,3214
7,292,3269
7,292,3270
7,140,3272
7,292,3280
7,221,3306
7,292,3317
7,122,3320
7,292,3338
7,292,3383
7,100,3461
7,187,3471
7,103,3495
7,292,3523
7,432,3528
7,103,3539
7,434,3601
7,434,3613
7,100,3626
7,292,3638
7,292,3660
7,122,3698
7,423,3713
7,205,3739
7,423,3787
7,423,3790
7,292,3815
7,139,3841
7,434,3845
7,284,3875
7,205,3908
8,227,300
8,296,492
8,305,569
8,308,865
8,310,902
8,145,944
8,296,962
8,296,982
8,310,1223
8,305,1242
8,326,1295
8,326,1299
8,296,1306
8,296,1414
8,145,1464
8,296,1467
8,296,1474
8,40,1475
8,227,1544
8,326,1547
8,145,1602
8,40,1611
8,227,1653
8,296,1689
8,265,1706
8,296,1794
8,40,1976
8,308,2009
8,305,2012
8,308,2015
8,40,2018
8,40,2024
8,296,2089
8,40,2199
8,145,2358
8,305,2432
8,145,2440
8,308,2599
8,310,2604
8,310,2720
8,305,2759
8,296,2765
8,40,2780
8,40,2783
8,296,2784
8,308,2850
8,308,2955
8,308,2956
8,227,3109
8,145,3121
8,296,3166
8,296,3167
8,308,3297
8,296,3323
8,227,3369
8,305,3437
8,40,3499
8,227,3629
8,296,3647
8,296,3650
8,310,3676
8,145,3810
8,145,3833
9,98,26
9,98,28
9,98,29
9,98,48
9,126,57
9,197,179
9,375,207
9,375,216
9,237,299
9,126,365
9,126,408
9,437,490
9,237,531
9,418,575
9,237,600
9,237,608
9,437,641
9,291,667
9,331,698
9,98,702
9,381,712
9,428,713
9,394,723
9,291,758
9,237,784
9,197,841
9,381,844
9,381,857
9,98,871
9,197,872
9,405,953
9,394,1006
9,331,1064
9,381,1093
9,375,1147
9,123,1159
9,375,1177
9,197,1178
9,381,1184
9,126,1207
9,357,1211
9,437,1230
9,348,1249
9,418,1273
9,348,1291
9,375,1297
9,375,1300
9,348,1327
9,394,1329
9,126,1455
9,237,1479
9,123,1632
9,197,1663
9,405,1668
9,197,1682
9,394,1687
9,394,1758
9,405,1805
9,123,1830
9,381,1870
9,375,1894
9,437,1910
9,375,1928
9,375,1932
9,437,1964
9,98,1969
9,357,1988
9,331,2021
9,123,2137
9,237,2138
9,237,2139
9,331,2148
9,437,2151
9,331,2156
9,357,2173
9,126,2217
9,357,2265
9,126,2266
9,123,2270
9,405,2310
9,126,2325
9,237,2386
9,291,2417
9,394,2419
9,375,2425
9,381,2428
9,126,2468
9,357,2525
9,331,2538
9,123,2547
9,394,2552
9,394,2554
9,381,2569
9,331,2575
9,381,2593
9,197,2597
9,197,2598
9,348,2599
9,375,2606
9,291,2607
9,126,2609
9,428,2619
9,375,2639
9,394,2662
9,237,2667
9,126,2683
9,375,2701
9,126,2705
9,237,2813
9,348,2828
9,418,2832
9,394,2864
9,126,2865
9,98,2868
9,437,2870
9,418,2882
9,98,2890
9,98,2894
9,331,2961
9,98,2962
9,291,2970
9,375,2982
9,197,2987
9,375,2998
9,357,3070
9,375,3070
9,428,3104
9,98,3106
9,126,3126
9,437,3137
9,381,3153
9,394,3154
9,126,3155
9,375,3158
9,123,3179
9,375,3182
9,123,3194
9,428,3203
9,98,3204
9,381,3206
9,348,3208
9,98,3256
9,375,3274
9,394,3335
9,98,3354
9,405,3389
9,197,3434
9,418,3453
9,98,3458
9,197,3469
9,428,3506
9,428,3509
9,348,3850
9,418,3860
9,405,3877
9,123,3880
9,437,3887
9,437,3888
9,381,3891
9,237,3893
10,317,8
10,195,30
10,330,42
10,262,61
10,90,101
10,191,110
10,330,112
10,71,161
10,66,177
10,412,185
10,425,242
10,88,537
10,195,540
10,407,595
10,327,607
10,251,696
10,317,701
10,81,722
10,88,750
10,425,778
10,322,895
10,322,953
10,425,960
10,106,997
10,88,1023
10,241,1083
10,330,1101
10,24,1138
10,262,1152
10,106,1174
10,330,1354
10,330,1435
10,425,1516
10,191,1546
10,262,1551
10,195,1562
10,117,1576
10,191,1627
10,195,1676
10,327,1704
10,330,1710
10,88,1727
10,195,1753
10,66,1828
10,81,1904
10,90,1909
10,327,1931
10,242,1971
10,242,2144
10,81,2169
10,251,2267
10,251,2271
10,24,2299
10,106,2382
10,412,2406
10,322,2411
10,24,2412
10,106,2455
10,407,2496
10,330,2549
10,327,2643
10,191,2686
10,327,2692
10,117,2825
10,317,2826
10,425,2891
10,322,2892
10,327,2895
10,327,2932
10,330,2941
10,322,2947
10,24,2991
10,106,3004
10,86,3219
10,71,3232
10,191,3242
10,88,3258
10,262,3318
10,251,3376
10,407,3397
10,24,3408
10,262,3426
10,412,3428
10,425,3466
10,81,3473
10,251,3529
10,322,3727
10,88,3863
10,106,3874
11,359,21
11,110,64
11,21,65
11,138,116
11,201,136
11,169,137
11,79,142
11,359,144
11,359,154
11,93,162
11,138,163
11,79,165
11,79,168
11,138,173
11,21,186
11,138,273
11,21,509
11,138,617
11,156,720
11,87,785
11,359,801
11,156,804
11,138,809
11,337,811
11,93,816
11,79,836
11,93,887
11,93,906
11,93,933
11,169,942
11,93,971
11,359,1086
11,337,1115
11,21,1399
11,138,1438
11,93,1619
11,110,1620
11,436,1756
11,138,1883
11,93,1963
11,71,1977
11,359,2114
11,156,2156
11,79,2226
11,110,2234
11,359,2248
11,93,2250
11,21,2302
11,160,2316
11,93,2320
11,169,2414
11,93,2427
11,93,2518
11,160,2540
11,169,2564
11,156,2565
11,110,2591
11,201,2664
11,79,2711
11,138,2724
11,138,2740
11,87,2748
11,160,2757
11,154,2879
11,359,3050
11,359,3051
11,21,3070
11,160,3070
11,359,3082
11,93,3173
11,93,3176
11,79,3181
11,110,3208
11,138,3213
11,93,3218
11,169,3231
11,79,3245
11,138,3251
11,93,3275
11,359,3288
11,359,3333
11,154,3351
11,21,3382
11,93,3390
11,359,3459
11,176,3465
11,93,3527
11,163,3589
11,21,3723
11,436,3786
11,380,3794
11,110,3814
12,376,8
12,234,11
12,212,22
12,253,46
12,259,47
12,372,123
12,372,124
12,332,155
12,192,261
12,192,264
12,259,309
12,258,315
12,384,319
12,253,321
12,234,323
12,420,329
12,376,337
12,360,339
12,372,343
12,332,348
12,376,354
12,360,359
12,376,367
12,372,374
12,376,376
12,376,390
12,258,392
12,234,393
12,234,399
12,372,400
12,234,404
12,234,405
12,234,409
12,376,417
12,372,422
12,234,423
12,234,424
12,384,431
12,384,435
12,372,442
12,253,449
12,376,455
12,332,460
12,419,469
12,234,487
12,233,549
12,153,562
12,253,577
12,253,579
12,192,582
12,258,584
12,253,593
12,419,628
12,233,646
12,192,648
12,376,662
12,153,687
12,372,788
12,360,816
12,372,821
12,419,930
12,192,963
12,420,1009
12,253,1047
12,234,1049
12,258,1074
12,376,1077
12,376,1078
12,332,1079
12,192,1098
12,221,1114
12,233,1168
12,233,1169
12,233,1170
12,192,1171
12,233,1172
12,233,1182
12,233,1195
12,253,1206
12,253,1209
12,372,1243
12,419,1264
12,332,1268
12,376,1276
12,234,1283
12,258,1285
12,420,1287
12,372,1303
12,253,1316
12,376,1324
12,376,1334
12,234,1341
12,420,1344
12,360,1421
12,258,1484
12,192,1495
12,258,1496
12,153,1518
12,181,1572
12,181,1589
12,376,1596
12,192,1630
12,212,1705
12,234,1707
12,192,1752
12,376,1757
12,233,1768
12,234,1768
12,234,1769
12,212,1808
12,192,1813
12,192,1824
12,181,1825
12,258,1827
12,420,1833
12,332,1862
12,233,1868
12,212,1875
12,360,1877
12,384,1889
12,332,1894
12,332,1900
12,332,1918
12,376,1920
12,221,1946
12,192,1958
12,253,1963
12,253,2054
12,384,2055
12,253,2063
12,233,2066
12,233,2076
12,259,2088
12,376,2090
12,253,2124
12,234,2126
12,212,2183
12,332,2189
12,153,2204
12,192,2207
12,253,2220
12,233,2235
12,376,2247
12,419,2251
12,332,2263
12,253,2284
12,253,2296
12,258,2312
12,259,2317
12,212,2396
12,332,2396
12,71,2401
12,376,2449
12,372,2464
12,332,2480
12,372,2527
12,372,2579
12,192,2585
12,233,2624
12,233,2625
12,360,2642
12,253,2680
12,212,2689
12,253,2700
12,376,2747
12,233,2750
12,253,2767
12,181,2793
12,192,2829
12,233,2830
12,233,2878
12,376,2880
12,192,2909
12,376,2916
12,376,2940
12,332,2946
12,332,2974
12,258,2986
12,212,2988
12,258,3009
12,181,3032
12,192,3032
12,376,3061
12,360,3083
12,192,3137
12,420,3140
12,372,3165
12,376,3187
12,258,3191
12,332,3226
12,384,3232
12,233,3296
12,372,3441
12,419,3454
12,420,3456
12,253,3464
12,233,3478
12,192,3487
12,253,3496
12,253,3508
12,221,3554
12,376,3560
12,376,3561
12,420,3567
12,253,3621
12,181,3668
12,181,3718
12,258,3808
12,234,3811
12,419,3857
13,64,6
13,3,8
13,128,16
13,128,18
13,3,66
13,286,68
13,3,104
13,236,107
13,167,108
13,20,182
13,64,202
13,236,229
13,20,252
13,277,310
13,102,312
13,277,352
13,286,377
13,286,378
13,277,387
13,71,443
13,20,463
13,365,481
13,69,489
13,167,538
13,69,555
13,167,591
13,64,625
13,286,630
13,286,632
13,69,638
13,240,655
13,240,656
13,277,666
13,236,734
13,236,765
13,69,767
13,3,883
13,3,889
13,365,946
13,128,972
13,102,991
13,365,1035
13,375,1068
13,365,1143
13,236,1154
13,167,1155
13,64,1156
13,64,1157
13,64,1158
13,240,1181
13,286,1316
13,189,1321
13,128,1348
13,200,1373
13,20,1383
13,367,1458
13,189,1477
13,240,1510
13,71,1511
13,286,1518
13,365,1563
13,236,1582
13,365,1584
13,286,1621
13,365,1646
13,365,1662
13,167,1726
13,367,1744
13,365,1761
13,64,1819
13,102,1878
13,277,2023
13,236,2131
13,200,2138
13,69,2170
13,286,2211
13,128,2372
13,240,2387
13,367,2439
13,277,2463
13,69,2486
13,71,2509
13,64,2522
13,64,2523
13,128,2528
13,365,2542
13,286,2543
13,236,2557
13,286,2621
13,286,2622
13,286,2623
13,375,2640
13,20,2713
13,277,2721
13,167,2725
13,375,2726
13,71,2762
13,71,2763
13,69,2795
13,64,2810
13,128,2819
13,167,2835
13,167,2840
13,200,2843
13,240,2846
13,128,2847
13,128,2851
13,277,2852
13,240,2855
13,69,2859
13,20,2965
13,365,2980
13,240,3008
13,64,3059
13,240,3067
13,167,3070
13,3,3107
13,240,3117
13,365,3123
13,367,3129
13,20,3140
13,286,3165
13,240,3173
13,375,3181
13,189,3197
13,69,3203
13,102,3225
13,3,3230
13,128,3249
13,365,3252
13,277,3366
13,375,3400
13,20,3433
13,128,3510
13,240,3541
13,286,3574
13,200,3605
13,236,3696
13,236,3697
13,277,3740
13,128,3769
13,240,3816
13,200,3864
14,105,2
14,28,52
14,13,129
14,271,150
14,105,210
14,28,257
14,302,271
14,298,315
14,105,462
14,298,574
14,443,727
14,105,753
14,247,826
14,96,827
14,443,1003
14,439,1063
14,105,1094
14,105,1218
14,443,1219
14,443,1255
14,303,1317
14,271,1681
14,196,1809
14,302,1847
14,80,2062
14,302,2086
14,271,2096
14,247,2166
14,439,2194
14,271,2223
14,271,2334
14,105,2355
14,439,2361
14,13,2470
14,105,2510
14,298,2548
14,303,2648
14,303,2696
14,99,2698
14,105,2735
14,105,2743
14,302,2896
14,439,2921
14,298,2968
14,255,3170
14,28,3180
14,99,3253
14,105,3283
14,443,3363
14,96,3444
14,271,3515
14,105,3618
14,250,3678
14,255,3689
14,13,3750
14,250,3809
14,96,3834
14,271,3837
14,105,3855
14,105,3856
14,439,3896
15,426,50
15,127,51
15,3,53
15,174,106
15,33,194
15,426,220
15,426,226
15,6,268
15,174,276
15,174,308
15,174,331
15,174,335
15,174,336
15,174,338
15,174,342
15,104,347
15,174,349
15,174,350
15,174,351
15,174,353
15,174,363
15,174,364
15,174,370
15,33,371
15,174,373
15,174,375
15,301,379
15,174,381
15,174,382
15,174,386
15,174,389
15,174,391
15,174,396
15,174,397
15,174,398
15,174,402
15,174,403
15,174,406
15,174,411
15,174,428
15,174,430
15,174,432
15,174,436
15,174,437
15,174,440
15,174,441
15,174,450
15,174,451
15,104,452
15,174,453
15,174,454
15,174,457
15,174,458
15,174,474
15,174,476
15,174,480
15,25,484
15,174,484
15,174,721
15,307,747
15,127,770
15,174,774
15,25,810
15,174,812
15,25,820
15,25,822
15,174,846
15,174,848
15,3,862
15,3,874
15,301,926
15,33,965
15,307,981
15,4,985
15,4,988
15,174,1001
15,25,1014
15,25,1104
15,307,1131
15,33,1194
15,3,1210
15,127,1229
15,6,1230
15,357,1239
15,33,1248
15,6,1259
15,174,1449
15,104,1526
15,174,1529
15,174,1530
15,174,1559
15,6,1624
15,3,1708
15,174,1711
15,174,1715
15,301,1812
15,6,1921
15,307,2009
15,25,2025
15,442,2049
15,357,2074
15,127,2103
15,3,2222
15,6,2264
15,25,2279
15,174,2311
15,33,2322
15,442,2324
15,3,2336
15,127,2399
15,3,2420
15,4,2422
15,426,2495
15,127,2503
15,442,2551
15,127,2649
15,174,2649
15,307,2651
15,174,2679
15,174,2688
15,301,2693
15,307,2707
15,3,2708
15,307,2709
15,357,2733
15,25,2753
15,6,2779
15,4,2786
15,174,2827
15,357,2857
15,357,2872
15,33,2972
15,442,3013
15,301,3014
15,357,3039
15,301,3058
15,357,3072
15,33,3088
15,6,3129
15,174,3263
15,4,3290
15,357,3291
15,426,3292
15,4,3429
15,174,3439
15,426,3500
15,127,3505
15,6,3532
15,174,3542
15,33,3582
15,33,3590
15,307,3699
15,33,3700
15,33,3702
15,174,3715
15,33,3722
15,174,3761
15,174,3782
15,174,3838
15,4,3882
15,307,3910
15,442,3911
16,385,38
16,184,54
16,289,56
16,332,126
16,224,143
16,360,156
16,360,166
16,339,172
16,18,180
16,71,244
16,84,360
16,92,380
16,92,407
16,84,418
16,84,425
16,84,426
16,92,478
16,224,590
16,62,594
16,63,598
16,184,615
16,184,618
16,184,622
16,385,626
16,338,629
16,159,631
16,184,647
16,332,661
16,184,669
16,18,751
16,18,756
16,84,762
16,92,814
16,159,869
16,223,870
16,289,961
16,339,1005
16,184,1019
16,332,1024
16,224,1027
16,18,1028
16,18,1029
16,184,1160
16,360,1191
16,159,1196
16,92,1208
16,270,1251
16,216,1258
16,339,1275
16,339,1294
16,18,1298
16,289,1325
16,216,1326
16,71,1328
16,270,1336
16,184,1356
16,18,1502
16,184,1521
16,159,1535
16,184,1547
16,18,1555
16,185,1610
16,184,1657
16,289,1662
16,332,1664
16,203,1736
16,203,1742
16,18,1767
16,215,1849
16,216,1852
16,71,1869
16,84,1933
16,338,1934
16,289,1936
16,223,1956
16,273,1960
16,338,1983
16,332,1993
16,224,1998
16,71,2065
16,18,2087
16,332,2185
16,385,2258
16,18,2280
16,270,2286
16,18,2300
16,270,2407
16,184,2429
16,184,2430
16,184,2431
16,184,2433
16,273,2442
16,385,2506
16,18,2524
16,249,2552
16,184,2588
16,184,2590
16,62,2670
16,289,2691
16,18,2717
16,184,2719
16,332,2744
16,385,2764
16,270,2787
16,184,2794
16,203,2824
16,184,2943
16,332,2974
16,338,2997
16,339,2999
16,270,3022
16,18,3029
16,71,3056
16,84,3066
16,249,3077
16,360,3083
16,339,3101
16,270,3144
16,270,3145
16,385,3162
16,289,3189
16,332,3225
16,332,3232
16,249,3239
16,385,3246
16,332,3247
16,273,3277
16,224,3349
16,184,3364
16,184,3399
16,249,3402
16,18,3405
16,63,3406
16,184,3424
16,289,3474
16,215,3513
16,84,3705
16,71,3788
16,184,3878
17,4,16
17,382,118
17,4,125
17,199,160
17,427,237
17,427,286
17,67,317
17,67,318
17,82,394
17,312,438
17,312,465
17,372,468
17,199,516
17,82,532
17,67,609
17,3,619
17,312,691
17,82,724
17,388,736
17,94,819
17,427,834
17,388,843
17,4,918
17,388,919
17,382,921
17,388,1137
17,372,1153
17,3,1240
17,214,1245
17,214,1246
17,329,1266
17,94,1270
17,214,1274
17,9,1312
17,82,1312
17,214,1601
17,388,1617
17,214,1669
17,199,1693
17,9,1860
17,3,1865
17,214,1896
17,312,1976
17,4,2060
17,199,2070
17,388,2084
17,312,2106
17,82,2114
17,82,2115
17,17,2116
17,427,2181
17,388,2184
17,82,2221
17,82,2348
17,214,2436
17,214,2513
17,214,2613
17,388,2672
17,82,2697
17,199,2723
17,388,2881
17,312,2903
17,329,2937
17,332,2974
17,199,2983
17,214,3126
17,372,3127
17,214,3142
17,71,3152
17,382,3220
17,67,3353
17,214,3353
17,199,3452
17,3,3455
17,427,3477
17,82,3512
17,312,3537
17,312,3538
17,9,3550
17,312,3564
17,312,3565
17,440,3566
17,329,3573
17,3,3576
17,3,3577
17,312,3593
17,372,3612
17,372,3615
17,17,3622
17,372,3622
17,17,3623
17,3,3625
17,9,3653
17,9,3654
17,421,3670
17,82,3671
17,329,3677
17,214,3712
17,388,3724
17,214,3725
17,312,3731
17,94,3749
17,67,3751
17,427,3778
17,372,3791
17,3,3797
17,17,3802
17,440,3806
18,171,13
18,217,120
18,217,121
18,180,149
18,34,188
18,180,203
18,180,265
18,212,274
18,85,277
18,217,278
18,26,279
18,212,280
18,111,281
18,26,282
18,26,283
18,26,284
18,26,287
18,240,313
18,180,503
18,217,510
18,34,514
18,217,552
18,34,566
18,180,568
18,217,585
18,240,588
18,171,605
18,26,638
18,111,689
18,26,690
18,212,690
18,240,699
18,217,731
18,212,764
18,217,766
18,212,771
18,111,773
18,217,795
18,217,828
18,111,842
18,171,910
18,85,976
18,85,989
18,171,1011
18,85,1041
18,171,1060
18,217,1102
18,217,1114
18,171,1136
18,85,1182
18,111,1188
18,111,1190
18,34,1191
18,26,1204
18,217,1215
18,217,1220
18,85,1221
18,212,1237
18,111,1238
18,240,1244
18,26,1256
18,34,1267
18,240,1281
18,240,1282
18,240,1297
18,34,1305
18,85,1307
18,26,1311
18,85,1317
18,85,1320
18,85,1326
18,111,1330
18,26,1342
18,217,1343
18,26,1346
18,111,1350
18,34,1408
18,111,1409
18,217,1409
18,180,1465
18,180,1468
18,111,1478
18,34,1671
18,111,1728
18,217,1763
18,171,1795
18,171,1798
18,217,1802
18,217,1803
18,171,1811
18,26,1829
18,171,1831
18,26,1837
18,111,1838
18,26,1844
18,26,1846
18,34,1850
18,85,1861
18,212,1864
18,240,1873
18,171,1895
18,111,1900
18,212,1923
18,26,1927
18,180,1930
18,111,1950
18,171,1961
18,217,1962
18,240,1966
18,26,1973
18,171,1974
18,26,1980
18,111,1988
18,111,1990
18,240,1990
18,240,1996
18,212,2003
18,240,2039
18,217,2047
18,111,2048
18,26,2059
18,217,2059
18,240,2059
18,26,2061
18,171,2078
18,240,2084
18,26,2085
18,34,2085
18,212,2100
18,111,2107
18,85,2111
18,171,2128
18,26,2131
18,171,2140
18,111,2155
18,26,2160
18,217,2172
18,212,2187
18,240,2203
18,212,2219
18,34,2227
18,212,2227
18,180,2233
18,26,2241
18,34,2245
18,26,2283
18,111,2363
18,180,2365
18,212,2403
18,240,2404
18,217,2479
18,171,2493
18,180,2494
18,34,2500
18,85,2502
18,180,2505
18,34,2515
18,180,2532
18,212,2550
18,111,2610
18,26,2611
18,85,2625
18,111,2650
18,240,2652
18,240,2729
18,240,2766
18,217,2769
18,34,2772
18,85,2772
18,217,2773
18,26,2775
18,34,2776
18,240,2831
18,85,2873
18,26,2901
18,85,2950
18,34,2951
18,240,2960
18,171,2971
18,111,2973
18,26,2984
18,111,3017
18,26,3018
18,111,3046
18,217,3052
18,34,3070
18,85,3101
18,240,3102
18,26,3112
18,26,3123
18,240,3126
18,217,3131
18,171,3150
18,217,3159
18,240,3165
18,26,3173
18,85,3173
18,85,3178
18,34,3181
18,26,3191
18,217,3191
18,240,3197
18,26,3203
18,212,3203
18,85,3224
18,217,3232
18,26,3233
18,34,3234
18,212,3240
18,26,3242
18,26,3251
18,34,3336
18,240,3347
18,26,3350
18,212,3350
18,85,3391
18,34,3412
18,180,3467
18,111,3507
18,217,3514
18,34,3652
18,85,3691
18,171,3725
18,171,3762
18,171,3777
18,240,3828
18,34,3831
18,85,3833
18,217,3895
19,193,10
19,340,272
19,121,606
19,121,748
19,114,983
19,225,1203
19,225,1214
19,193,1337
19,121,1454
19,340,1578
19,340,1662
19,121,1760
19,193,1806
19,121,1823
19,121,2076
19,226,2180
19,193,2416
19,226,2684
19,121,2695
19,121,2840
19,256,2858
19,114,2860
19,193,3002
19,193,3016
19,121,3374
19,225,3436
19,193,3876
20,166,23
20,336,33
20,363,55
20,336,67
20,107,72
20,370,73
20,77,74
20,367,95
20,336,132
20,363,139
20,166,141
20,217,158
20,369,159
20,77,164
20,336,187
20,76,197
20,336,204
20,34,205
20,368,206
20,217,211
20,168,215
20,217,219
20,336,224
20,363,230
20,76,231
20,77,241
20,77,245
20,168,248
20,363,291
20,368,294
20,368,315
20,107,326
20,368,332
20,202,344
20,368,368
20,107,434
20,77,491
20,77,505
20,77,515
20,76,526
20,168,534
20,368,539
20,76,546
20,107,554
20,34,559
20,202,573
20,217,586
20,367,596
20,166,599
20,430,602
20,217,620
20,4,624
20,217,640
20,370,657
20,363,665
20,370,670
20,372,678
20,166,683
20,336,686
20,166,693
20,202,695
20,368,703
20,372,706
20,76,711
20,372,716
20,77,717
20,231,728
20,369,729
20,150,730
20,430,737
20,107,738
20,372,739
20,202,741
20,166,746
20,368,754
20,107,760
20,363,761
20,76,776
20,166,789
20,76,805
20,166,829
20,166,831
20,202,860
20,430,878
20,363,886
20,372,896
20,77,898
20,363,900
20,77,907
20,369,909
20,367,912
20,77,934
20,202,939
20,77,949
20,363,950
20,363,1000
20,368,1010
20,370,1012
20,336,1016
20,77,1022
20,336,1031
20,202,1039
20,372,1066
20,336,1082
20,231,1087
20,363,1090
20,368,1122
20,166,1129
20,368,1167
20,77,1175
20,168,1185
20,336,1205
20,168,1302
20,372,1335
20,231,1351
20,166,1352
20,217,1357
20,231,1360
20,107,1361
20,77,1371
20,231,1373
20,77,1381
20,77,1390
20,77,1402
20,4,1416
20,369,1418
20,77,1422
20,77,1423
20,231,1445
20,336,1452
20,107,1453
20,166,1453
20,168,1456
20,430,1473
20,231,1482
20,370,1484
20,77,1487
20,370,1490
20,336,1493
20,368,1497
20,430,1503
20,77,1506
20,4,1515
20,107,1533
20,336,1540
20,368,1568
20,369,1575
20,107,1588
20,430,1591
20,336,1603
20,4,1606
20,231,1609
20,168,1612
20,368,1636
20,76,1638
20,150,1646
20,363,1656
20,231,1660
20,363,1674
20,166,1678
20,77,1683
20,231,1684
20,336,1688
20,4,1697
20,168,1702
20,430,1729
20,368,1734
20,231,1754
20,77,1775
20,107,1788
20,107,1807
20,336,1817
20,430,1818
20,367,1845
20,363,1848
20,166,1866
20,369,1881
20,430,1902
20,168,1913
20,363,1925
20,231,1947
20,369,1948
20,363,1978
20,168,1981
20,107,1994
20,166,2001
20,217,2016
20,372,2027
20,168,2028
20,202,2034
20,368,2035
20,363,2043
20,372,2046
20,168,2072
20,363,2098
20,34,2101
20,372,2104
20,34,2111
20,168,2120
20,231,2121
20,166,2130
20,77,2133
20,217,2149
20,4,2154
20,368,2155
20,430,2176
20,372,2191
20,168,2218
20,76,2226
20,336,2228
20,76,2231
20,76,2243
20,150,2261
20,202,2276
20,370,2282
20,368,2293
20,368,2303
20,166,2309
20,168,2314
20,369,2349
20,430,2353
20,77,2370
20,231,2371
20,372,2373
20,166,2374
20,231,2378
20,166,2397
20,166,2413
20,363,2437
20,363,2444
20,368,2445
20,336,2450
20,217,2459
20,4,2466
20,34,2469
20,166,2482
20,107,2489
20,369,2501
20,217,2508
20,77,2533
20,231,2539
20,202,2562
20,363,2596
20,430,2631
20,217,2632
20,217,2634
20,168,2637
20,107,2668
20,107,2669
20,369,2674
20,107,2687
20,372,2690
20,231,2706
20,336,2727
20,77,2734
20,231,2737
20,77,2738
20,4,2771
20,430,2781
20,77,2792
20,231,2796
20,231,2798
20,202,2799
20,336,2806
20,77,2816
20,336,2818
20,430,2822
20,336,2823
20,368,2836
20,336,2837
20,370,2842
20,168,2854
20,370,2869
20,336,2884
20,217,2908
20,77,2915
20,369,2919
20,77,2922
20,168,2944
20,217,2945
20,370,2959
20,217,2964
20,370,2990
20,367,2992
20,336,2996
20,107,3005
20,166,3006
20,231,3035
20,150,3045
20,202,3060
20,231,3066
20,77,3070
20,168,3076
20,4,3080
20,369,3080
20,231,3084
20,231,3086
20,231,3087
20,363,3094
20,166,3095
20,368,3099
20,368,3100
20,166,3110
20,368,3113
20,368,3114
20,166,3118
20,363,3119
20,367,3129
20,231,3132
20,370,3133
20,231,3134
20,372,3136
20,76,3147
20,217,3151
20,369,3156
20,370,3157
20,231,3164
20,369,3168
20,372,3169
20,77,3197
20,166,3200
20,76,3201
20,231,3209
20,77,3210
20,217,3217
20,166,3219
20,4,3223
20,150,3236
20,107,3242
20,231,3251
20,217,3254
20,363,3257
20,107,3261
20,231,3264
20,372,3265
20,217,3271
20,202,3284
20,369,3299
20,336,3314
20,363,3315
20,107,3319
20,363,3322
20,77,3330
20,77,3334
20,168,3341
20,77,3342
20,430,3365
20,166,3380
20,107,3385
20,370,3392
20,430,3398
20,34,3415
20,4,3419
20,202,3420
20,372,3421
20,166,3518
20,430,3520
20,369,3521
20,369,3531
20,77,3534
20,217,3540
20,336,3549
20,168,3551
20,166,3592
20,107,3604
20,202,3627
20,370,3628
20,336,3659
20,168,3666
20,77,3673
20,202,3684
20,202,3685
20,217,3694
20,4,3726
20,370,3730
20,168,3733
20,77,3785
20,363,3799
20,363,3810
20,336,3839
20,76,3844
20,77,3852
20,166,3869
20,372,3872
20,336,3898
20,77,3901
20,336,3906
20,363,3909
21,31,27
21,279,44
21,279,102
21,97,147
21,31,170
21,31,191
21,8,198
21,177,249
21,177,256
21,34,303
21,142,304
21,333,518
21,372,564
21,10,623
21,8,705
21,142,714
21,31,735
21,343,799
21,31,800
21,343,806
21,352,815
21,97,830
21,31,863
21,332,885
21,25,911
21,333,913
21,142,954
21,343,966
21,10,1025
21,34,1081
21,10,1151
21,287,1176
21,208,1188
21,208,1193
21,108,1200
21,208,1216
21,343,1216
21,211,1223
21,142,1227
21,211,1228
21,71,1232
21,71,1271
21,299,1271
21,208,1312
21,71,1345
21,23,1387
21,97,1394
21,372,1401
21,372,1403
21,177,1404
21,333,1448
21,34,1469
21,97,1489
21,388,1512
21,208,1600
21,343,1600
21,34,1623
21,279,1644
21,279,1651
21,25,1654
21,31,1686
21,25,1691
21,333,1703
21,208,1737
21,208,1738
21,142,1820
21,31,1835
21,31,1840
21,142,1860
21,31,1890
21,108,1898
21,142,1912
21,177,1938
21,343,1939
21,97,2033
21,299,2067
21,279,2118
21,190,2129
21,279,2138
21,279,2142
21,71,2192
21,177,2216
21,343,2224
21,343,2232
21,108,2237
21,31,2242
21,31,2252
21,352,2256
21,108,2257
21,25,2278
21,71,2305
21,8,2318
21,343,2327
21,71,2340
21,211,2376
21,23,2393
21,142,2421
21,108,2457
21,71,2472
21,108,2530
21,299,2530
21,390,2531
21,332,2603
21,108,2614
21,279,2663
21,299,2770
21,208,2777
21,343,2785
21,279,2820
21,71,2867
21,279,2900
21,321,2925
21,299,2935
21,25,2939
21,343,2985
21,279,3003
21,10,3038
21,108,3149
21,71,3181
21,97,3181
21,190,3181
21,208,3181
21,71,3225
21,71,3250
21,299,3251
21,10,3255
21,343,3274
21,332,3281
21,390,3301
21,31,3302
21,287,3309
21,390,3327
21,321,3328
21,321,3329
21,211,3331
21,97,3362
21,343,3381
21,279,3396
21,177,3410
21,31,3422
21,31,3423
21,108,3475
21,142,3498
21,211,3535
21,23,3559
21,142,3635
21,8,3651
21,343,3658
21,97,3682
21,25,3710
21,372,3732
21,287,3735
21,343,3773
21,352,3776
21,248,3792
21,390,3805
21,343,3813
21,272,3814
21,333,3849
21,343,3851
21,71,3861
21,279,3867
21,71,3883
21,211,3892
21,390,3907
22,5,495
22,5,496
22,5,497
22,5,498
22,5,499
22,5,500
22,5,501
22,5,502
22,5,1117
22,5,1118
22,5,1119
22,5,1120
22,424,2011
22,342,3017
22,342,3404
22,424,3476
23,46,14
23,278,35
23,340,59
23,115,93
23,91,110
23,91,124
23,396,134
23,91,190
23,391,239
23,115,302
23,115,322
23,254,325
23,137,340
23,395,362
23,395,420
23,395,439
23,395,445
23,254,470
23,46,471
23,438,472
23,395,482
23,235,516
23,137,633
23,278,659
23,438,775
23,411,824
23,396,873
23,115,879
23,115,937
23,91,990
23,438,1061
23,115,1112
23,395,1126
23,438,1173
23,115,1197
23,395,1201
23,46,1217
23,115,1225
23,254,1263
23,396,1272
23,46,1275
23,115,1282
23,235,1386
23,115,1424
23,115,1425
23,115,1426
23,137,1427
23,137,1436
23,46,1507
23,183,1605
23,91,1695
23,137,1719
23,115,1720
23,254,1722
23,340,1723
23,210,1789
23,218,1873
23,115,1900
23,46,1966
23,254,1970
23,91,1992
23,183,2024
23,115,2058
23,115,2127
23,115,2210
23,235,2240
23,115,2244
23,340,2250
23,254,2285
23,46,2306
23,235,2330
23,91,2395
23,391,2462
23,278,2467
23,391,2536
23,115,2588
23,235,2595
23,46,2699
23,278,2811
23,115,2930
23,340,3012
23,235,3014
23,278,3024
23,115,3068
23,218,3143
23,71,3174
23,411,3184
23,91,3191
23,340,3203
23,391,3213
23,278,3220
23,235,3237
23,278,3262
23,391,3303
23,278,3313
23,183,3340
23,395,3343
23,396,3344
23,278,3378
23,210,3568
23,46,3569
23,46,3580
23,438,3587
23,391,3596
23,340,3602
23,235,3634
23,395,3692
23,395,3717
23,46,3738
23,278,3756
23,115,3759
23,438,3784
23,115,3807
23,235,3825
23,411,3830
23,438,3889
0,7,3913
0,11,3914
0,4,3915
0,37,3918
0,135,3920
0,152,3923
0,78,3924
0,68,3926
0,172,3928
0,243,3930
0,111,3931
0,325,3933
0,109,3935
0,29,3938
0,164,3940
0,257,3941
0,179,3942
0,172,3943
0,300,3946
0,236,3947
0,435,3948
0,188,3951
0,306,3954
0,4,3955
0,89,3956
0,300,3957
0,398,3959
0,414,3961
0,283,3962
0,252,3963
0,43,3964
0,136,3964
0,165,3964
0,173,3964
0,176,3964
0,207,3964
0,222,3964
0,252,3964
0,269,3964
0,283,3964
0,306,3964
0,325,3964
0,328,3964
0,398,3964
0,404,3964
0,413,3964
0,444,3964
0,446,3964
0,113,3968
0,297,3970
0,43,3971
0,274,3973
0,74,3975
0,325,3977
0,220,3978
0,32,3981
0,37,3982
0,172,3984
0,176,3985
0,113,3986
0,4,3987
0,176,3988
0,282,3989
0,170,3990
0,222,3992
0,143,3993
1,445,3927
1,446,3964
3,146,3964
3,364,3964
3,446,3964
4,149,3964
4,446,3964
5,341,3912
5,174,3944
5,341,3949
5,100,3964
5,341,3964
5,344,3964
5,446,3964
5,174,3965
5,341,3976
6,268,3958
6,446,3964
7,122,3964
7,205,3964
7,284,3964
7,292,3964
7,446,3964
7,100,3979
8,227,3964
8,310,3964
8,326,3964
8,446,3964
9,348,3964
9,446,3964
10,317,3922
10,446,3964
11,359,3916
11,201,3964
11,446,3964
12,192,532
12,192,1317
12,233,1346
12,192,2057
12,192,3919
12,253,3921
12,253,3925
12,258,3929
12,192,3932
12,233,3934
12,233,3936
12,233,3937
12,258,3939
12,192,3945
12,181,3952
12,258,3953
12,253,3960
12,192,3964
12,212,3964
12,372,3964
12,446,3964
12,372,3966
12,192,3967
12,192,3969
12,181,3972
12,192,3972
12,253,3991
13,69,3917
13,64,3964
13,375,3964
13,446,3964
13,128,3974
14,105,3964
14,446,3964
14,271,3983
15,104,3964
15,446,3964
16,338,3950
16,71,3964
16,446,3964
17,382,125
17,4,3964
17,9,3964
17,17,3964
17,427,3964
17,446,3964
18,26,3964
18,111,3964
18,446,3964
19,446,3964
20,231,3964
20,363,3964
20,369,3964
20,446,3964
21,287,3964
21,446,3964
22,446,3964
23,46,3964
23,446,3964
23,411,3980
